Month of Year ID,Month of Year,Supersector ID,Supersector,NSA Employees,Date,NSA Employees Growth
"2010-01","January, 2010","15","Mining, Logging, and Construction",5854700,"2010-01-01",-15.028591332617342
"2010-01","January, 2010","30","Manufacturing",11445500,"2010-01-01",-8.93286230327334
"2010-01","January, 2010","40","Trade, Transportation, and Utilities",24424300,"2010-01-01",-3.80536027254288
"2010-01","January, 2010","50","Information",2726500,"2010-01-01",-6.186560231221828
"2010-01","January, 2010","55","Financial Activities",7594500,"2010-01-01",-3.869522290574922
"2010-01","January, 2010","60","Professional and Business Services",16268700,"2010-01-01",-3.446413522143222
"2010-01","January, 2010","65","Education and Health Services",19811800,"2010-01-01",1.765452201293398
"2010-01","January, 2010","70","Leisure and Hospitality",12341200,"2010-01-01",-2.196791986305712
"2010-01","January, 2010","80","Other Services",5158200,"2010-01-01",-2.2827590126356867
"2010-01","January, 2010","90","Government",22887200,"2010-01-01",-0.503845133916733
"2010-02","February, 2010","15","Mining, Logging, and Construction",5774900,"2010-02-01",-14.246469566250388
"2010-02","February, 2010","30","Manufacturing",11425100,"2010-02-01",-7.739330560826907
"2010-02","February, 2010","40","Trade, Transportation, and Utilities",24206800,"2010-02-01",-3.2896261316329873
"2010-02","February, 2010","50","Information",2724300,"2010-02-01",-6.029457417819324
"2010-02","February, 2010","55","Financial Activities",7589500,"2010-02-01",-3.5617169432514166
"2010-02","February, 2010","60","Professional and Business Services",16368200,"2010-02-01",-2.263064870545524
"2010-02","February, 2010","65","Education and Health Services",20006600,"2010-02-01",1.6161800857357633
"2010-02","February, 2010","70","Leisure and Hospitality",12420200,"2010-02-01",-1.983964140282206
"2010-02","February, 2010","80","Other Services",5167600,"2010-02-01",-2.3082594476057245
"2010-02","February, 2010","90","Government",23229900,"2010-02-01",-0.513494762267771
"2010-03","March, 2010","15","Mining, Logging, and Construction",5914800,"2010-03-01",-11.865416995723503
"2010-03","March, 2010","30","Manufacturing",11461400,"2010-03-01",-6.096431936422104
"2010-03","March, 2010","40","Trade, Transportation, and Utilities",24328900,"2010-03-01",-2.403321566110398
"2010-03","March, 2010","50","Information",2730400,"2010-03-01",-5.499601979718271
"2010-03","March, 2010","55","Financial Activities",7603200,"2010-03-01",-3.073569343344849
"2010-03","March, 2010","60","Professional and Business Services",16507000,"2010-03-01",-0.957009570095701
"2010-03","March, 2010","65","Education and Health Services",20106100,"2010-03-01",1.7922144987115294
"2010-03","March, 2010","70","Leisure and Hospitality",12671900,"2010-03-01",-1.4013383131030188
"2010-03","March, 2010","80","Other Services",5205600,"2010-03-01",-1.8515026961800973
"2010-03","March, 2010","90","Government",23379600,"2010-03-01",-0.2504447848180115
"2010-04","April, 2010","15","Mining, Logging, and Construction",6175600,"2010-04-01",-7.918946724916874
"2010-04","April, 2010","30","Manufacturing",11509900,"2010-04-01",-4.2867596919852975
"2010-04","April, 2010","40","Trade, Transportation, and Utilities",24498100,"2010-04-01",-1.2746630988458316
"2010-04","April, 2010","50","Information",2719600,"2010-04-01",-4.872503410402603
"2010-04","April, 2010","55","Financial Activities",7613800,"2010-04-01",-2.6318481763773085
"2010-04","April, 2010","60","Professional and Business Services",16824600,"2010-04-01",1.0522901726188332
"2010-04","April, 2010","65","Education and Health Services",20180600,"2010-04-01",1.8980343049882098
"2010-04","April, 2010","70","Leisure and Hospitality",13081000,"2010-04-01",-0.19532144110600766
"2010-04","April, 2010","80","Other Services",5224300,"2010-04-01",-1.6417207945024948
"2010-04","April, 2010","90","Government",23508100,"2010-04-01",-0.20631073112957246
"2010-05","May, 2010","15","Mining, Logging, and Construction",6303900,"2010-05-01",-7.313307749988973
"2010-05","May, 2010","30","Manufacturing",11574100,"2010-05-01",-2.6969541568235127
"2010-05","May, 2010","40","Trade, Transportation, and Utilities",24683900,"2010-05-01",-1.094282165324358
"2010-05","May, 2010","50","Information",2727900,"2010-05-01",-4.448492066272023
"2010-05","May, 2010","55","Financial Activities",7633600,"2010-05-01",-2.3973609850276816
"2010-05","May, 2010","60","Professional and Business Services",16870100,"2010-05-01",1.5653126712060734
"2010-05","May, 2010","65","Education and Health Services",20150300,"2010-05-01",1.7727899471193427
"2010-05","May, 2010","70","Leisure and Hospitality",13379400,"2010-05-01",-0.6917744162225554
"2010-05","May, 2010","80","Other Services",5251500,"2010-05-01",-1.5743604160809672
"2010-05","May, 2010","90","Government",23954300,"2010-05-01",1.7383733276704183
"2010-06","June, 2010","15","Mining, Logging, and Construction",6429200,"2010-06-01",-6.326310574933706
"2010-06","June, 2010","30","Manufacturing",11666800,"2010-06-01",-1.4511851063470342
"2010-06","June, 2010","40","Trade, Transportation, and Utilities",24816900,"2010-06-01",-0.7224722472247225
"2010-06","June, 2010","50","Information",2746900,"2010-06-01",-3.820028011204482
"2010-06","June, 2010","55","Financial Activities",7684500,"2010-06-01",-1.9609093924625551
"2010-06","June, 2010","60","Professional and Business Services",17031000,"2010-06-01",2.3251622206200433
"2010-06","June, 2010","65","Education and Health Services",19905800,"2010-06-01",1.5721232593620678
"2010-06","June, 2010","70","Leisure and Hospitality",13663900,"2010-06-01",-0.15710172884972307
"2010-06","June, 2010","80","Other Services",5308200,"2010-06-01",-1.3510750989611404
"2010-06","June, 2010","90","Government",23139400,"2010-06-01",0.7703864997278171
"2010-07","July, 2010","15","Mining, Logging, and Construction",6513900,"2010-07-01",-4.928775760406329
"2010-07","July, 2010","30","Manufacturing",11680300,"2010-07-01",-0.5068229441728138
"2010-07","July, 2010","40","Trade, Transportation, and Utilities",24745200,"2010-07-01",-0.20205442160409434
"2010-07","July, 2010","50","Information",2732200,"2010-07-01",-3.33628162037856
"2010-07","July, 2010","55","Financial Activities",7695000,"2010-07-01",-1.5090427370118649
"2010-07","July, 2010","60","Professional and Business Services",17083100,"2010-07-01",3.2061815809187793
"2010-07","July, 2010","65","Education and Health Services",19776000,"2010-07-01",1.5586082937475927
"2010-07","July, 2010","70","Leisure and Hospitality",13700200,"2010-07-01",0.23118680771988354
"2010-07","July, 2010","80","Other Services",5301100,"2010-07-01",-0.9547475804342139
"2010-07","July, 2010","90","Government",21752100,"2010-07-01",-0.15239634065172386
"2010-08","August, 2010","15","Mining, Logging, and Construction",6533200,"2010-08-01",-3.9503668092738793
"2010-08","August, 2010","30","Manufacturing",11712800,"2010-08-01",-0.39627872170348827
"2010-08","August, 2010","40","Trade, Transportation, and Utilities",24792400,"2010-08-01",0.04317702175395554
"2010-08","August, 2010","50","Information",2735100,"2010-08-01",-2.783109404990403
"2010-08","August, 2010","55","Financial Activities",7692700,"2010-08-01",-1.162760818172474
"2010-08","August, 2010","60","Professional and Business Services",17161100,"2010-08-01",3.4767403298260424
"2010-08","August, 2010","65","Education and Health Services",19805900,"2010-08-01",1.5005304129021018
"2010-08","August, 2010","70","Leisure and Hospitality",13725200,"2010-08-01",0.5973452948980116
"2010-08","August, 2010","80","Other Services",5279700,"2010-08-01",-0.7854928121770178
"2010-08","August, 2010","90","Government",21792000,"2010-08-01",-0.4576972620385342
"2010-09","September, 2010","15","Mining, Logging, and Construction",6474700,"2010-09-01",-3.287626217362729
"2010-09","September, 2010","30","Manufacturing",11705200,"2010-09-01",-0.1535416951003139
"2010-09","September, 2010","40","Trade, Transportation, and Utilities",24712800,"2010-09-01",-0.14223371585582673
"2010-09","September, 2010","50","Information",2725200,"2010-09-01",-2.343582025370888
"2010-09","September, 2010","55","Financial Activities",7637400,"2010-09-01",-0.9107893507706679
"2010-09","September, 2010","60","Professional and Business Services",17118200,"2010-09-01",3.5828174826486583
"2010-09","September, 2010","65","Education and Health Services",20103100,"2010-09-01",1.64168992436193
"2010-09","September, 2010","70","Leisure and Hospitality",13445500,"2010-09-01",0.8316709912558307
"2010-09","September, 2010","80","Other Services",5227500,"2010-09-01",-0.5308825208357119
"2010-09","September, 2010","90","Government",22674100,"2010-09-01",-0.5556822567629206
"2010-10","October, 2010","15","Mining, Logging, and Construction",6468300,"2010-10-01",-2.1407606886743924
"2010-10","October, 2010","30","Manufacturing",11701300,"2010-10-01",0.3559237722773975
"2010-10","October, 2010","40","Trade, Transportation, and Utilities",24952200,"2010-10-01",0.582074992542668
"2010-10","October, 2010","50","Information",2708800,"2010-10-01",-2.0821283979178715
"2010-10","October, 2010","55","Financial Activities",7666400,"2010-10-01",-0.3703751835631392
"2010-10","October, 2010","60","Professional and Business Services",17317100,"2010-10-01",3.856902962696414
"2010-10","October, 2010","65","Education and Health Services",20397000,"2010-10-01",1.7418370095471825
"2010-10","October, 2010","70","Leisure and Hospitality",13204100,"2010-10-01",1.5332918098841188
"2010-10","October, 2010","80","Other Services",5248300,"2010-10-01",-0.07235201157632185
"2010-10","October, 2010","90","Government",23168000,"2010-10-01",-0.7773185721321655
"2010-11","November, 2010","15","Mining, Logging, and Construction",6363200,"2010-11-01",-1.7767006776469134
"2010-11","November, 2010","30","Manufacturing",11687000,"2010-11-01",0.6944444444444444
"2010-11","November, 2010","40","Trade, Transportation, and Utilities",25379100,"2010-11-01",0.8279467793903228
"2010-11","November, 2010","50","Information",2719500,"2010-11-01",-1.9540685726646716
"2010-11","November, 2010","55","Financial Activities",7668900,"2010-11-01",-0.15753157140997265
"2010-11","November, 2010","60","Professional and Business Services",17325800,"2010-11-01",3.58293725525364
"2010-11","November, 2010","65","Education and Health Services",20471200,"2010-11-01",1.7308638416927975
"2010-11","November, 2010","70","Leisure and Hospitality",13028000,"2010-11-01",1.8281864296824317
"2010-11","November, 2010","80","Other Services",5236100,"2010-11-01",-0.08968096473820791
"2010-11","November, 2010","90","Government",23282500,"2010-11-01",-0.6248692853697784
"2010-12","December, 2010","15","Mining, Logging, and Construction",6184100,"2010-12-01",-1.5913177702455403
"2010-12","December, 2010","30","Manufacturing",11697100,"2010-12-01",0.9615301621826907
"2010-12","December, 2010","40","Trade, Transportation, and Utilities",25668600,"2010-12-01",1.1076360714370121
"2010-12","December, 2010","50","Information",2739100,"2010-12-01",-1.5632861352691727
"2010-12","December, 2010","55","Financial Activities",7704900,"2010-12-01",0.09743549770052226
"2010-12","December, 2010","60","Professional and Business Services",17341500,"2010-12-01",3.699739278111321
"2010-12","December, 2010","65","Education and Health Services",20471800,"2010-12-01",1.6298061409387645
"2010-12","December, 2010","70","Leisure and Hospitality",13012800,"2010-12-01",1.8957457304611336
"2010-12","December, 2010","80","Other Services",5232600,"2010-12-01",-0.09546357110126776
"2010-12","December, 2010","90","Government",23133900,"2010-12-01",-0.7729228235273933
"2011-01","January, 2011","15","Mining, Logging, and Construction",5796800,"2011-01-01",-0.988949049481613
"2011-01","January, 2011","30","Manufacturing",11595700,"2011-01-01",1.3123061465204664
"2011-01","January, 2011","40","Trade, Transportation, and Utilities",24709200,"2011-01-01",1.1664612701285195
"2011-01","January, 2011","50","Information",2693800,"2011-01-01",-1.1993398129470016
"2011-01","January, 2011","55","Financial Activities",7620000,"2011-01-01",0.3357693067351373
"2011-01","January, 2011","60","Professional and Business Services",16927000,"2011-01-01",4.046420426954827
"2011-01","January, 2011","65","Education and Health Services",20149600,"2011-01-01",1.7050444684480965
"2011-01","January, 2011","70","Leisure and Hospitality",12586700,"2011-01-01",1.989271707775581
"2011-01","January, 2011","80","Other Services",5164100,"2011-01-01",0.11438098561513707
"2011-01","January, 2011","90","Government",22717700,"2011-01-01",-0.7405886259568667
"2011-02","February, 2011","15","Mining, Logging, and Construction",5802000,"2011-02-01",0.4692721951895271
"2011-02","February, 2011","30","Manufacturing",11624200,"2011-02-01",1.742654331253118
"2011-02","February, 2011","40","Trade, Transportation, and Utilities",24560000,"2011-02-01",1.459094138837021
"2011-02","February, 2011","50","Information",2693900,"2011-02-01",-1.1158829791139009
"2011-02","February, 2011","55","Financial Activities",7627600,"2011-02-01",0.5020093550299756
"2011-02","February, 2011","60","Professional and Business Services",17068000,"2011-02-01",4.2753632042619225
"2011-02","February, 2011","65","Education and Health Services",20385700,"2011-02-01",1.8948746913518537
"2011-02","February, 2011","70","Leisure and Hospitality",12686200,"2011-02-01",2.141672436836766
"2011-02","February, 2011","80","Other Services",5191700,"2011-02-01",0.4663673658951931
"2011-02","February, 2011","90","Government",23080100,"2011-02-01",-0.6448585658999824
"2011-03","March, 2011","15","Mining, Logging, and Construction",5934000,"2011-03-01",0.32460945425035503
"2011-03","March, 2011","30","Manufacturing",11676600,"2011-03-01",1.8776065751129878
"2011-03","March, 2011","40","Trade, Transportation, and Utilities",24657300,"2011-03-01",1.3498349699328782
"2011-03","March, 2011","50","Information",2699300,"2011-03-01",-1.1390272487547612
"2011-03","March, 2011","55","Financial Activities",7640900,"2011-03-01",0.49584385521885527
"2011-03","March, 2011","60","Professional and Business Services",17201400,"2011-03-01",4.2067001877991155
"2011-03","March, 2011","65","Education and Health Services",20462300,"2011-03-01",1.771601653229617
"2011-03","March, 2011","70","Leisure and Hospitality",12974900,"2011-03-01",2.3911173541457873
"2011-03","March, 2011","80","Other Services",5226000,"2011-03-01",0.39188566159520516
"2011-03","March, 2011","90","Government",23165100,"2011-03-01",-0.9174665092644869
"2011-04","April, 2011","15","Mining, Logging, and Construction",6160600,"2011-04-01",-0.24289137897532226
"2011-04","April, 2011","30","Manufacturing",11739100,"2011-04-01",1.9913292035552002
"2011-04","April, 2011","40","Trade, Transportation, and Utilities",24884700,"2011-04-01",1.578081565509162
"2011-04","April, 2011","50","Information",2698200,"2011-04-01",-0.7868804235917046
"2011-04","April, 2011","55","Financial Activities",7659000,"2011-04-01",0.59365888255536
"2011-04","April, 2011","60","Professional and Business Services",17479200,"2011-04-01",3.8907314289789947
"2011-04","April, 2011","65","Education and Health Services",20560300,"2011-04-01",1.8815099650159064
"2011-04","April, 2011","70","Leisure and Hospitality",13349600,"2011-04-01",2.0533598348750095
"2011-04","April, 2011","80","Other Services",5272500,"2011-04-01",0.922611641751048
"2011-04","April, 2011","90","Government",23205800,"2011-04-01",-1.285939739919432
"2011-05","May, 2011","15","Mining, Logging, and Construction",6314600,"2011-05-01",0.16973619505385557
"2011-05","May, 2011","30","Manufacturing",11788900,"2011-05-01",1.855867842856032
"2011-05","May, 2011","40","Trade, Transportation, and Utilities",25025000,"2011-05-01",1.381872394556776
"2011-05","May, 2011","50","Information",2702600,"2011-05-01",-0.9274533523956155
"2011-05","May, 2011","55","Financial Activities",7676400,"2011-05-01",0.5606791029134354
"2011-05","May, 2011","60","Professional and Business Services",17477100,"2011-05-01",3.598081813385813
"2011-05","May, 2011","65","Education and Health Services",20500700,"2011-05-01",1.7389319265718128
"2011-05","May, 2011","70","Leisure and Hospitality",13660500,"2011-05-01",2.1009910758329973
"2011-05","May, 2011","80","Other Services",5296500,"2011-05-01",0.8568980291345331
"2011-05","May, 2011","90","Government",23166100,"2011-05-01",-3.2904321979769815
"2011-06","June, 2011","15","Mining, Logging, and Construction",6470200,"2011-06-01",0.637715423380825
"2011-06","June, 2011","30","Manufacturing",11880500,"2011-06-01",1.8316933520759762
"2011-06","June, 2011","40","Trade, Transportation, and Utilities",25139600,"2011-06-01",1.3003235698254012
"2011-06","June, 2011","50","Information",2711600,"2011-06-01",-1.2850850049146312
"2011-06","June, 2011","55","Financial Activities",7723300,"2011-06-01",0.5049124861734661
"2011-06","June, 2011","60","Professional and Business Services",17592200,"2011-06-01",3.2951676354882276
"2011-06","June, 2011","65","Education and Health Services",20228700,"2011-06-01",1.6221402807222014
"2011-06","June, 2011","70","Leisure and Hospitality",13952000,"2011-06-01",2.108475618234911
"2011-06","June, 2011","80","Other Services",5354500,"2011-06-01",0.8722354093666402
"2011-06","June, 2011","90","Government",22543600,"2011-06-01",-2.574829079405689
"2011-07","July, 2011","15","Mining, Logging, and Construction",6588300,"2011-07-01",1.1421728918159628
"2011-07","July, 2011","30","Manufacturing",11904300,"2011-07-01",1.917758961670505
"2011-07","July, 2011","40","Trade, Transportation, and Utilities",25114700,"2011-07-01",1.4932188868952363
"2011-07","July, 2011","50","Information",2720000,"2011-07-01",-0.44652660859380716
"2011-07","July, 2011","55","Financial Activities",7750300,"2011-07-01",0.7186484730344379
"2011-07","July, 2011","60","Professional and Business Services",17658300,"2011-07-01",3.367070379497866
"2011-07","July, 2011","65","Education and Health Services",20097500,"2011-07-01",1.6257079288025889
"2011-07","July, 2011","70","Leisure and Hospitality",13989700,"2011-07-01",2.1131078378417834
"2011-07","July, 2011","80","Other Services",5353100,"2011-07-01",0.9809284865405294
"2011-07","July, 2011","90","Government",21345100,"2011-07-01",-1.8710837114577443
"2011-08","August, 2011","15","Mining, Logging, and Construction",6626700,"2011-08-01",1.431151656156248
"2011-08","August, 2011","30","Manufacturing",11953300,"2011-08-01",2.0533092001912436
"2011-08","August, 2011","40","Trade, Transportation, and Utilities",25181800,"2011-08-01",1.570642616285636
"2011-08","August, 2011","50","Information",2681500,"2011-08-01",-1.9597089685934699
"2011-08","August, 2011","55","Financial Activities",7755800,"2011-08-01",0.8202581668334916
"2011-08","August, 2011","60","Professional and Business Services",17757500,"2011-08-01",3.47530169977449
"2011-08","August, 2011","65","Education and Health Services",20151200,"2011-08-01",1.7434198900327678
"2011-08","August, 2011","70","Leisure and Hospitality",14029900,"2011-08-01",2.2200040800862646
"2011-08","August, 2011","80","Other Services",5330900,"2011-08-01",0.9697520692463588
"2011-08","August, 2011","90","Government",21496500,"2011-08-01",-1.3560022026431717
"2011-09","September, 2011","15","Mining, Logging, and Construction",6605200,"2011-09-01",2.015537399416189
"2011-09","September, 2011","30","Manufacturing",11929500,"2011-09-01",1.91624235382565
"2011-09","September, 2011","40","Trade, Transportation, and Utilities",25153400,"2011-09-01",1.7828817454922146
"2011-09","September, 2011","50","Information",2698300,"2011-09-01",-0.987083516806106
"2011-09","September, 2011","55","Financial Activities",7715000,"2011-09-01",1.0160525833398801
"2011-09","September, 2011","60","Professional and Business Services",17797900,"2011-09-01",3.970627752917947
"2011-09","September, 2011","65","Education and Health Services",20513200,"2011-09-01",2.0399838830827086
"2011-09","September, 2011","70","Leisure and Hospitality",13745600,"2011-09-01",2.2319735227399504
"2011-09","September, 2011","80","Other Services",5287900,"2011-09-01",1.155428024868484
"2011-09","September, 2011","90","Government",22498200,"2011-09-01",-0.7757750031974808
"2011-10","October, 2011","15","Mining, Logging, and Construction",6572700,"2011-10-01",1.6140253235007653
"2011-10","October, 2011","30","Manufacturing",11912000,"2011-10-01",1.8006546281182434
"2011-10","October, 2011","40","Trade, Transportation, and Utilities",25316800,"2011-10-01",1.4611938025504765
"2011-10","October, 2011","50","Information",2697300,"2011-10-01",-0.424542232722977
"2011-10","October, 2011","55","Financial Activities",7713400,"2011-10-01",0.6130648022539914
"2011-10","October, 2011","60","Professional and Business Services",17864400,"2011-10-01",3.1604598922452376
"2011-10","October, 2011","65","Education and Health Services",20728300,"2011-10-01",1.6242584693827524
"2011-10","October, 2011","70","Leisure and Hospitality",13467600,"2011-10-01",1.9955922781560271
"2011-10","October, 2011","80","Other Services",5281900,"2011-10-01",0.6402073052226436
"2011-10","October, 2011","90","Government",22927100,"2011-10-01",-1.039796270718232
"2011-11","November, 2011","15","Mining, Logging, and Construction",6498200,"2011-11-01",2.1215740507920544
"2011-11","November, 2011","30","Manufacturing",11904300,"2011-11-01",1.8593308804654745
"2011-11","November, 2011","40","Trade, Transportation, and Utilities",25819700,"2011-11-01",1.7360741712669086
"2011-11","November, 2011","50","Information",2708600,"2011-11-01",-0.40080897223754364
"2011-11","November, 2011","55","Financial Activities",7716200,"2011-11-01",0.6167768519605158
"2011-11","November, 2011","60","Professional and Business Services",17913400,"2011-11-01",3.3914739867711736
"2011-11","November, 2011","65","Education and Health Services",20812300,"2011-11-01",1.666243307671265
"2011-11","November, 2011","70","Leisure and Hospitality",13322900,"2011-11-01",2.263586122198342
"2011-11","November, 2011","80","Other Services",5276400,"2011-11-01",0.7696568056377838
"2011-11","November, 2011","90","Government",23022900,"2011-11-01",-1.1150005368839258
"2011-12","December, 2011","15","Mining, Logging, and Construction",6362800,"2011-12-01",2.889668666418719
"2011-12","December, 2011","30","Manufacturing",11916600,"2011-12-01",1.8765334997563499
"2011-12","December, 2011","40","Trade, Transportation, and Utilities",26087000,"2011-12-01",1.6300070903750106
"2011-12","December, 2011","50","Information",2713000,"2011-12-01",-0.9528677302763682
"2011-12","December, 2011","55","Financial Activities",7747100,"2011-12-01",0.5477034095186181
"2011-12","December, 2011","60","Professional and Business Services",17905400,"2011-12-01",3.2517371622985327
"2011-12","December, 2011","65","Education and Health Services",20835000,"2011-12-01",1.7741478521673717
"2011-12","December, 2011","70","Leisure and Hospitality",13293100,"2011-12-01",2.154032952170171
"2011-12","December, 2011","80","Other Services",5282800,"2011-12-01",0.9593701028169553
"2011-12","December, 2011","90","Government",22898400,"2011-12-01",-1.0179865911065578
"2012-01","January, 2012","15","Mining, Logging, and Construction",6055300,"2012-01-01",4.459356886558101
"2012-01","January, 2012","30","Manufacturing",11838900,"2012-01-01",2.0973291823693265
"2012-01","January, 2012","40","Trade, Transportation, and Utilities",25184000,"2012-01-01",1.9215514868955692
"2012-01","January, 2012","50","Information",2681900,"2012-01-01",-0.44175514143588984
"2012-01","January, 2012","55","Financial Activities",7671900,"2012-01-01",0.6811023622047244
"2012-01","January, 2012","60","Professional and Business Services",17498200,"2012-01-01",3.3744904590299525
"2012-01","January, 2012","65","Education and Health Services",20520000,"2012-01-01",1.838249890816691
"2012-01","January, 2012","70","Leisure and Hospitality",12958500,"2012-01-01",2.953911668666132
"2012-01","January, 2012","80","Other Services",5229300,"2012-01-01",1.262562692434306
"2012-01","January, 2012","90","Government",22420700,"2012-01-01",-1.3073506560963477
"2012-02","February, 2012","15","Mining, Logging, and Construction",6052800,"2012-02-01",4.322647362978283
"2012-02","February, 2012","30","Manufacturing",11865000,"2012-02-01",2.0715404070817773
"2012-02","February, 2012","40","Trade, Transportation, and Utilities",24971000,"2012-02-01",1.6734527687296417
"2012-02","February, 2012","50","Information",2688100,"2012-02-01",-0.21530123612606258
"2012-02","February, 2012","55","Financial Activities",7693800,"2012-02-01",0.8679007813729088
"2012-02","February, 2012","60","Professional and Business Services",17650900,"2012-02-01",3.4151628779001637
"2012-02","February, 2012","65","Education and Health Services",20802800,"2012-02-01",2.046042078515822
"2012-02","February, 2012","70","Leisure and Hospitality",13111900,"2012-02-01",3.355614762497832
"2012-02","February, 2012","80","Other Services",5256100,"2012-02-01",1.2404414738910183
"2012-02","February, 2012","90","Government",22853600,"2012-02-01",-0.9813648987656033
"2012-03","March, 2012","15","Mining, Logging, and Construction",6186600,"2012-03-01",4.256825075834176
"2012-03","March, 2012","30","Manufacturing",11922800,"2012-03-01",2.1084904852439923
"2012-03","March, 2012","40","Trade, Transportation, and Utilities",25107600,"2012-03-01",1.8262340158898178
"2012-03","March, 2012","50","Information",2694600,"2012-03-01",-0.17411921609306116
"2012-03","March, 2012","55","Financial Activities",7716400,"2012-03-01",0.9881034956615058
"2012-03","March, 2012","60","Professional and Business Services",17823500,"2012-03-01",3.6165660934575095
"2012-03","March, 2012","65","Education and Health Services",20894500,"2012-03-01",2.1121770279978302
"2012-03","March, 2012","70","Leisure and Hospitality",13427300,"2012-03-01",3.486732075006358
"2012-03","March, 2012","80","Other Services",5297700,"2012-03-01",1.3719862227324913
"2012-03","March, 2012","90","Government",22961800,"2012-03-01",-0.8776133062235865
"2012-04","April, 2012","15","Mining, Logging, and Construction",6351400,"2012-04-01",3.097100931727429
"2012-04","April, 2012","30","Manufacturing",11948900,"2012-04-01",1.7871898186402706
"2012-04","April, 2012","40","Trade, Transportation, and Utilities",25205000,"2012-04-01",1.2871362724887179
"2012-04","April, 2012","50","Information",2698300,"2012-04-01",0.0037061744866948338
"2012-04","April, 2012","55","Financial Activities",7733300,"2012-04-01",0.9701005353179266
"2012-04","April, 2012","60","Professional and Business Services",18042100,"2012-04-01",3.2203991029337726
"2012-04","April, 2012","65","Education and Health Services",20920400,"2012-04-01",1.751433588031303
"2012-04","April, 2012","70","Leisure and Hospitality",13749900,"2012-04-01",2.9985917181039135
"2012-04","April, 2012","80","Other Services",5334700,"2012-04-01",1.1797060218112851
"2012-04","April, 2012","90","Government",22966800,"2012-04-01",-1.0299149350593386
"2012-05","May, 2012","15","Mining, Logging, and Construction",6506100,"2012-05-01",3.0326544832610143
"2012-05","May, 2012","30","Manufacturing",12008200,"2012-05-01",1.8602244484218204
"2012-05","May, 2012","40","Trade, Transportation, and Utilities",25434100,"2012-05-01",1.6347652347652348
"2012-05","May, 2012","50","Information",2710100,"2012-05-01",0.27751054540072523
"2012-05","May, 2012","55","Financial Activities",7767500,"2012-05-01",1.1867542077015267
"2012-05","May, 2012","60","Professional and Business Services",18125900,"2012-05-01",3.712286363298259
"2012-05","May, 2012","65","Education and Health Services",20899500,"2012-05-01",1.945299428799992
"2012-05","May, 2012","70","Leisure and Hospitality",14108000,"2012-05-01",3.275868379634713
"2012-05","May, 2012","80","Other Services",5372500,"2012-05-01",1.4349098461247993
"2012-05","May, 2012","90","Government",22979400,"2012-05-01",-0.8059189937020043
"2012-06","June, 2012","15","Mining, Logging, and Construction",6655700,"2012-06-01",2.8669902012302555
"2012-06","June, 2012","30","Manufacturing",12119700,"2012-06-01",2.0133832751146836
"2012-06","June, 2012","40","Trade, Transportation, and Utilities",25564600,"2012-06-01",1.6905599134433327
"2012-06","June, 2012","50","Information",2717100,"2012-06-01",0.2028322761469243
"2012-06","June, 2012","55","Financial Activities",7832100,"2012-06-01",1.408724249996763
"2012-06","June, 2012","60","Professional and Business Services",18287100,"2012-06-01",3.9500460431327524
"2012-06","June, 2012","65","Education and Health Services",20650800,"2012-06-01",2.0866392798350857
"2012-06","June, 2012","70","Leisure and Hospitality",14455100,"2012-06-01",3.605934633027523
"2012-06","June, 2012","80","Other Services",5445700,"2012-06-01",1.7032402651974976
"2012-06","June, 2012","90","Government",22337500,"2012-06-01",-0.9142284284675029
"2012-07","July, 2012","15","Mining, Logging, and Construction",6702700,"2012-07-01",1.7364115173868828
"2012-07","July, 2012","30","Manufacturing",12127200,"2012-07-01",1.872432650386835
"2012-07","July, 2012","40","Trade, Transportation, and Utilities",25467500,"2012-07-01",1.4047549841327989
"2012-07","July, 2012","50","Information",2718200,"2012-07-01",-0.0661764705882353
"2012-07","July, 2012","55","Financial Activities",7852700,"2012-07-01",1.3212391778382773
"2012-07","July, 2012","60","Professional and Business Services",18230400,"2012-07-01",3.239836224325105
"2012-07","July, 2012","65","Education and Health Services",20452600,"2012-07-01",1.766886428660281
"2012-07","July, 2012","70","Leisure and Hospitality",14442700,"2012-07-01",3.2380965996411644
"2012-07","July, 2012","80","Other Services",5425500,"2012-07-01",1.3524873437821077
"2012-07","July, 2012","90","Government",21147100,"2012-07-01",-0.92761336325433
"2012-08","August, 2012","15","Mining, Logging, and Construction",6753000,"2012-08-01",1.9059260265290416
"2012-08","August, 2012","30","Manufacturing",12155700,"2012-08-01",1.6932562555946895
"2012-08","August, 2012","40","Trade, Transportation, and Utilities",25517700,"2012-08-01",1.3338998800721156
"2012-08","August, 2012","50","Information",2721800,"2012-08-01",1.5028901734104045
"2012-08","August, 2012","55","Financial Activities",7859500,"2012-08-01",1.3370638747775858
"2012-08","August, 2012","60","Professional and Business Services",18383300,"2012-08-01",3.5241447275798956
"2012-08","August, 2012","65","Education and Health Services",20572200,"2012-08-01",2.0892056056215016
"2012-08","August, 2012","70","Leisure and Hospitality",14500000,"2012-08-01",3.3507010028581816
"2012-08","August, 2012","80","Other Services",5405500,"2012-08-01",1.3993884709898892
"2012-08","August, 2012","90","Government",21402200,"2012-08-01",-0.43867606354522826
"2012-09","September, 2012","15","Mining, Logging, and Construction",6721100,"2012-09-01",1.7546781323805487
"2012-09","September, 2012","30","Manufacturing",12114300,"2012-09-01",1.5491009681881052
"2012-09","September, 2012","40","Trade, Transportation, and Utilities",25505900,"2012-09-01",1.4014010034428745
"2012-09","September, 2012","50","Information",2691700,"2012-09-01",-0.24459845087647777
"2012-09","September, 2012","55","Financial Activities",7809700,"2012-09-01",1.2274789371354504
"2012-09","September, 2012","60","Professional and Business Services",18353900,"2012-09-01",3.123964063175993
"2012-09","September, 2012","65","Education and Health Services",20918000,"2012-09-01",1.9733634927753836
"2012-09","September, 2012","70","Leisure and Hospitality",14160000,"2012-09-01",3.014782912350134
"2012-09","September, 2012","80","Other Services",5365500,"2012-09-01",1.4675012764991775
"2012-09","September, 2012","90","Government",22412300,"2012-09-01",-0.38180832244357327
"2012-10","October, 2012","15","Mining, Logging, and Construction",6730900,"2012-10-01",2.406925616565491
"2012-10","October, 2012","30","Manufacturing",12088000,"2012-10-01",1.4775016789791806
"2012-10","October, 2012","40","Trade, Transportation, and Utilities",25693800,"2012-10-01",1.4891297478354295
"2012-10","October, 2012","50","Information",2703900,"2012-10-01",0.24468913357802244
"2012-10","October, 2012","55","Financial Activities",7837400,"2012-10-01",1.6075919827832086
"2012-10","October, 2012","60","Professional and Business Services",18508400,"2012-10-01",3.604934954434518
"2012-10","October, 2012","65","Education and Health Services",21168800,"2012-10-01",2.125113974614416
"2012-10","October, 2012","70","Leisure and Hospitality",13927900,"2012-10-01",3.4178324274555227
"2012-10","October, 2012","80","Other Services",5375900,"2012-10-01",1.7796626214051763
"2012-10","October, 2012","90","Government",22877700,"2012-10-01",-0.2154655407792525
"2012-11","November, 2012","15","Mining, Logging, and Construction",6648700,"2012-11-01",2.3160259764242404
"2012-11","November, 2012","30","Manufacturing",12072000,"2012-11-01",1.4087346589047656
"2012-11","November, 2012","40","Trade, Transportation, and Utilities",26294800,"2012-11-01",1.8400678551648546
"2012-11","November, 2012","50","Information",2728300,"2012-11-01",0.7273130030273942
"2012-11","November, 2012","55","Financial Activities",7850100,"2012-11-01",1.735310126746326
"2012-11","November, 2012","60","Professional and Business Services",18578500,"2012-11-01",3.712862996416091
"2012-11","November, 2012","65","Education and Health Services",21239000,"2012-11-01",2.0502299121192755
"2012-11","November, 2012","70","Leisure and Hospitality",13751000,"2012-11-01",3.213264379376862
"2012-11","November, 2012","80","Other Services",5365300,"2012-11-01",1.684860890000758
"2012-11","November, 2012","90","Government",22997600,"2012-11-01",-0.10989058719796377
"2012-12","December, 2012","15","Mining, Logging, and Construction",6542800,"2012-12-01",2.828943232539134
"2012-12","December, 2012","30","Manufacturing",12074700,"2012-12-01",1.326720708927043
"2012-12","December, 2012","40","Trade, Transportation, and Utilities",26488700,"2012-12-01",1.5398474335876107
"2012-12","December, 2012","50","Information",2732600,"2012-12-01",0.7224474751197936
"2012-12","December, 2012","55","Financial Activities",7883600,"2012-12-01",1.761949632765809
"2012-12","December, 2012","60","Professional and Business Services",18546400,"2012-12-01",3.579925609034146
"2012-12","December, 2012","65","Education and Health Services",21279900,"2012-12-01",2.1353491720662348
"2012-12","December, 2012","70","Leisure and Hospitality",13778400,"2012-12-01",3.6507661869691796
"2012-12","December, 2012","80","Other Services",5368600,"2012-12-01",1.6241387143181647
"2012-12","December, 2012","90","Government",22888300,"2012-12-01",-0.044107885267092896
"2013-01","January, 2013","15","Mining, Logging, and Construction",6226200,"2013-01-01",2.8223209419847075
"2013-01","January, 2013","30","Manufacturing",11963000,"2013-01-01",1.048239278987068
"2013-01","January, 2013","40","Trade, Transportation, and Utilities",25470000,"2013-01-01",1.1356416772554003
"2013-01","January, 2013","50","Information",2692400,"2013-01-01",0.39151347924978563
"2013-01","January, 2013","55","Financial Activities",7799200,"2013-01-01",1.659302128547035
"2013-01","January, 2013","60","Professional and Business Services",18070500,"2013-01-01",3.270622121132459
"2013-01","January, 2013","65","Education and Health Services",20943800,"2013-01-01",2.0653021442495128
"2013-01","January, 2013","70","Leisure and Hospitality",13412200,"2013-01-01",3.501176833738473
"2013-01","January, 2013","80","Other Services",5303800,"2013-01-01",1.4246648691029393
"2013-01","January, 2013","90","Government",22374000,"2013-01-01",-0.2082896608937277
"2013-02","February, 2013","15","Mining, Logging, and Construction",6263900,"2013-02-01",3.487642083002908
"2013-02","February, 2013","30","Manufacturing",11991400,"2013-02-01",1.0653181626632953
"2013-02","February, 2013","40","Trade, Transportation, and Utilities",25312000,"2013-02-01",1.3655840775299348
"2013-02","February, 2013","50","Information",2707400,"2013-02-01",0.7179792418436813
"2013-02","February, 2013","55","Financial Activities",7823300,"2013-02-01",1.6831734643479166
"2013-02","February, 2013","60","Professional and Business Services",18259000,"2013-02-01",3.445150105660335
"2013-02","February, 2013","65","Education and Health Services",21229600,"2013-02-01",2.0516468936873884
"2013-02","February, 2013","70","Leisure and Hospitality",13551500,"2013-02-01",3.3526796269038046
"2013-02","February, 2013","80","Other Services",5338300,"2013-02-01",1.563897186126596
"2013-02","February, 2013","90","Government",22821700,"2013-02-01",-0.13958413554100885
"2013-03","March, 2013","15","Mining, Logging, and Construction",6378900,"2013-03-01",3.1083309087382407
"2013-03","March, 2013","30","Manufacturing",12019300,"2013-03-01",0.8093736370651189
"2013-03","March, 2013","40","Trade, Transportation, and Utilities",25397300,"2013-03-01",1.1538338988991381
"2013-03","March, 2013","50","Information",2711200,"2013-03-01",0.616046908632079
"2013-03","March, 2013","55","Financial Activities",7841200,"2013-03-01",1.6173345083199417
"2013-03","March, 2013","60","Professional and Business Services",18400000,"2013-03-01",3.234493786293377
"2013-03","March, 2013","65","Education and Health Services",21306600,"2013-03-01",1.9722893584436094
"2013-03","March, 2013","70","Leisure and Hospitality",13837300,"2013-03-01",3.053480595503191
"2013-03","March, 2013","80","Other Services",5371200,"2013-03-01",1.3873945297015686
"2013-03","March, 2013","90","Government",22889000,"2013-03-01",-0.31704831502756753
"2013-04","April, 2013","15","Mining, Logging, and Construction",6543700,"2013-04-01",3.0276789369272916
"2013-04","April, 2013","30","Manufacturing",12026600,"2013-04-01",0.6502690624241563
"2013-04","April, 2013","40","Trade, Transportation, and Utilities",25525600,"2013-04-01",1.2719698472525294
"2013-04","April, 2013","50","Information",2716400,"2013-04-01",0.6707927213430678
"2013-04","April, 2013","55","Financial Activities",7868800,"2013-04-01",1.752162724839331
"2013-04","April, 2013","60","Professional and Business Services",18581900,"2013-04-01",2.991891187832902
"2013-04","April, 2013","65","Education and Health Services",21374700,"2013-04-01",2.1715645972352347
"2013-04","April, 2013","70","Leisure and Hospitality",14179600,"2013-04-01",3.1251136371900885
"2013-04","April, 2013","80","Other Services",5407400,"2013-04-01",1.3627757887041447
"2013-04","April, 2013","90","Government",22907200,"2013-04-01",-0.2595050246442691
"2013-05","May, 2013","15","Mining, Logging, and Construction",6755600,"2013-05-01",3.8348626673429553
"2013-05","May, 2013","30","Manufacturing",12071900,"2013-05-01",0.5304708449226362
"2013-05","May, 2013","40","Trade, Transportation, and Utilities",25750000,"2013-05-01",1.2420333332022757
"2013-05","May, 2013","50","Information",2729500,"2013-05-01",0.7158407438839895
"2013-05","May, 2013","55","Financial Activities",7900200,"2013-05-01",1.7084003862246537
"2013-05","May, 2013","60","Professional and Business Services",18682400,"2013-05-01",3.0701923766544006
"2013-05","May, 2013","65","Education and Health Services",21314000,"2013-05-01",1.9833010359099499
"2013-05","May, 2013","70","Leisure and Hospitality",14578200,"2013-05-01",3.332860788205273
"2013-05","May, 2013","80","Other Services",5441300,"2013-05-01",1.2805956258724989
"2013-05","May, 2013","90","Government",22896700,"2013-05-01",-0.359887551459133
"2013-06","June, 2013","15","Mining, Logging, and Construction",6897400,"2013-06-01",3.6314737743588204
"2013-06","June, 2013","30","Manufacturing",12170400,"2013-06-01",0.41832718631649296
"2013-06","June, 2013","40","Trade, Transportation, and Utilities",25915100,"2013-06-01",1.3710365114259562
"2013-06","June, 2013","50","Information",2745300,"2013-06-01",1.0378712597990505
"2013-06","June, 2013","55","Financial Activities",7964200,"2013-06-01",1.6866485361525005
"2013-06","June, 2013","60","Professional and Business Services",18813300,"2013-06-01",2.8774381941368508
"2013-06","June, 2013","65","Education and Health Services",21021800,"2013-06-01",1.7965405698568577
"2013-06","June, 2013","70","Leisure and Hospitality",14915200,"2013-06-01",3.182959647460066
"2013-06","June, 2013","80","Other Services",5504900,"2013-06-01",1.0870962410709368
"2013-06","June, 2013","90","Government",22244200,"2013-06-01",-0.4176832680470062
"2013-07","July, 2013","15","Mining, Logging, and Construction",6980200,"2013-07-01",4.1401226371462245
"2013-07","July, 2013","30","Manufacturing",12146800,"2013-07-01",0.1616201596411373
"2013-07","July, 2013","40","Trade, Transportation, and Utilities",25875100,"2013-07-01",1.600471188770001
"2013-07","July, 2013","50","Information",2744600,"2013-07-01",0.9712309616658082
"2013-07","July, 2013","55","Financial Activities",7990800,"2013-07-01",1.758630789410012
"2013-07","July, 2013","60","Professional and Business Services",18810200,"2013-07-01",3.1804019659469898
"2013-07","July, 2013","65","Education and Health Services",20854200,"2013-07-01",1.9635645345824002
"2013-07","July, 2013","70","Leisure and Hospitality",14945000,"2013-07-01",3.4778815595421912
"2013-07","July, 2013","80","Other Services",5495400,"2013-07-01",1.2883605197677634
"2013-07","July, 2013","90","Government",21086100,"2013-07-01",-0.28845562748556536
"2013-08","August, 2013","15","Mining, Logging, and Construction",7043900,"2013-08-01",4.307715089589812
"2013-08","August, 2013","30","Manufacturing",12199400,"2013-08-01",0.35950212657436426
"2013-08","August, 2013","40","Trade, Transportation, and Utilities",25961300,"2013-08-01",1.738401188194861
"2013-08","August, 2013","50","Information",2749000,"2013-08-01",0.9993386729370269
"2013-08","August, 2013","55","Financial Activities",7992600,"2013-08-01",1.6934919524142757
"2013-08","August, 2013","60","Professional and Business Services",18977500,"2013-08-01",3.2322814728585185
"2013-08","August, 2013","65","Education and Health Services",20972700,"2013-08-01",1.9468019949251902
"2013-08","August, 2013","70","Leisure and Hospitality",14960200,"2013-08-01",3.173793103448276
"2013-08","August, 2013","80","Other Services",5485100,"2013-08-01",1.4725742299509759
"2013-08","August, 2013","90","Government",21358000,"2013-08-01",-0.20652082496191979
"2013-09","September, 2013","15","Mining, Logging, and Construction",7002000,"2013-09-01",4.179375399860142
"2013-09","September, 2013","30","Manufacturing",12167600,"2013-09-01",0.43997589625483935
"2013-09","September, 2013","40","Trade, Transportation, and Utilities",25911900,"2013-09-01",1.5917885665669513
"2013-09","September, 2013","50","Information",2724600,"2013-09-01",1.2222758851283575
"2013-09","September, 2013","55","Financial Activities",7932200,"2013-09-01",1.5685621726826895
"2013-09","September, 2013","60","Professional and Business Services",18932700,"2013-09-01",3.153553195778554
"2013-09","September, 2013","65","Education and Health Services",21312400,"2013-09-01",1.8854575007170855
"2013-09","September, 2013","70","Leisure and Hospitality",14624800,"2013-09-01",3.2824858757062145
"2013-09","September, 2013","80","Other Services",5437000,"2013-09-01",1.332587829652409
"2013-09","September, 2013","90","Government",22371700,"2013-09-01",-0.18115052895062086
"2013-10","October, 2013","15","Mining, Logging, and Construction",7009100,"2013-10-01",4.133176841135658
"2013-10","October, 2013","30","Manufacturing",12157900,"2013-10-01",0.578259430840503
"2013-10","October, 2013","40","Trade, Transportation, and Utilities",26108600,"2013-10-01",1.6143972475850206
"2013-10","October, 2013","50","Information",2739500,"2013-10-01",1.3166167387847185
"2013-10","October, 2013","55","Financial Activities",7949100,"2013-10-01",1.4252175466353636
"2013-10","October, 2013","60","Professional and Business Services",19077600,"2013-10-01",3.0753603769099436
"2013-10","October, 2013","65","Education and Health Services",21553100,"2013-10-01",1.8154075809682175
"2013-10","October, 2013","70","Leisure and Hospitality",14404300,"2013-10-01",3.4204725766267705
"2013-10","October, 2013","80","Other Services",5433800,"2013-10-01",1.07702896259231
"2013-10","October, 2013","90","Government",22819300,"2013-10-01",-0.2552704161694576
"2013-11","November, 2013","15","Mining, Logging, and Construction",6947400,"2013-11-01",4.4926075774211505
"2013-11","November, 2013","30","Manufacturing",12167200,"2013-11-01",0.7886017229953612
"2013-11","November, 2013","40","Trade, Transportation, and Utilities",26708400,"2013-11-01",1.572934572615118
"2013-11","November, 2013","50","Information",2766600,"2013-11-01",1.4038045669464503
"2013-11","November, 2013","55","Financial Activities",7961100,"2013-11-01",1.413994726181832
"2013-11","November, 2013","60","Professional and Business Services",19191900,"2013-11-01",3.301665904136502
"2013-11","November, 2013","65","Education and Health Services",21667400,"2013-11-01",2.017044116954659
"2013-11","November, 2013","70","Leisure and Hospitality",14246200,"2013-11-01",3.6011926405352335
"2013-11","November, 2013","80","Other Services",5440300,"2013-11-01",1.3978715076510166
"2013-11","November, 2013","90","Government",22941700,"2013-11-01",-0.2430688419661182
"2013-12","December, 2013","15","Mining, Logging, and Construction",6779000,"2013-12-01",3.6100751971632943
"2013-12","December, 2013","30","Manufacturing",12175600,"2013-12-01",0.8356315270772774
"2013-12","December, 2013","40","Trade, Transportation, and Utilities",26988500,"2013-12-01",1.886842313892339
"2013-12","December, 2013","50","Information",2766000,"2013-12-01",1.2222791480641146
"2013-12","December, 2013","55","Financial Activities",7980700,"2013-12-01",1.2316708102897154
"2013-12","December, 2013","60","Professional and Business Services",19149700,"2013-12-01",3.252922400034508
"2013-12","December, 2013","65","Education and Health Services",21640800,"2013-12-01",1.6959666163844755
"2013-12","December, 2013","70","Leisure and Hospitality",14241400,"2013-12-01",3.3603321140335596
"2013-12","December, 2013","80","Other Services",5437500,"2013-12-01",1.2833885929292552
"2013-12","December, 2013","90","Government",22832400,"2013-12-01",-0.24422958454756358
"2014-01","January, 2014","15","Mining, Logging, and Construction",6500700,"2014-01-01",4.408788667244869
"2014-01","January, 2014","30","Manufacturing",12068000,"2014-01-01",0.8777062609713282
"2014-01","January, 2014","40","Trade, Transportation, and Utilities",25957400,"2014-01-01",1.9136238712210443
"2014-01","January, 2014","50","Information",2730000,"2014-01-01",1.3965235477640767
"2014-01","January, 2014","55","Financial Activities",7882900,"2014-01-01",1.0731869935377987
"2014-01","January, 2014","60","Professional and Business Services",18643700,"2014-01-01",3.172020696715642
"2014-01","January, 2014","65","Education and Health Services",21289800,"2014-01-01",1.652040221927253
"2014-01","January, 2014","70","Leisure and Hospitality",13864500,"2014-01-01",3.3723028287678383
"2014-01","January, 2014","80","Other Services",5385700,"2014-01-01",1.5441758739017308
"2014-01","January, 2014","90","Government",22350000,"2014-01-01",-0.10726736390453205
"2014-02","February, 2014","15","Mining, Logging, and Construction",6503500,"2014-02-01",3.8250929931831608
"2014-02","February, 2014","30","Manufacturing",12110000,"2014-02-01",0.9890421468719249
"2014-02","February, 2014","40","Trade, Transportation, and Utilities",25778700,"2014-02-01",1.8437895069532237
"2014-02","February, 2014","50","Information",2732800,"2014-02-01",0.9381694614759548
"2014-02","February, 2014","55","Financial Activities",7892900,"2014-02-01",0.8896501476359082
"2014-02","February, 2014","60","Professional and Business Services",18747400,"2014-02-01",2.674845281778849
"2014-02","February, 2014","65","Education and Health Services",21537700,"2014-02-01",1.4512755774955721
"2014-02","February, 2014","70","Leisure and Hospitality",13976700,"2014-02-01",3.13766003763421
"2014-02","February, 2014","80","Other Services",5413700,"2014-02-01",1.4124346702133639
"2014-02","February, 2014","90","Government",22743600,"2014-02-01",-0.3422181520219791
"2014-03","March, 2014","15","Mining, Logging, and Construction",6645600,"2014-03-01",4.180971640878521
"2014-03","March, 2014","30","Manufacturing",12141200,"2014-03-01",1.0142021581955687
"2014-03","March, 2014","40","Trade, Transportation, and Utilities",25884900,"2014-03-01",1.9198891220720313
"2014-03","March, 2014","50","Information",2741200,"2014-03-01",1.1065210976689288
"2014-03","March, 2014","55","Financial Activities",7904400,"2014-03-01",0.805999081773198
"2014-03","March, 2014","60","Professional and Business Services",18884900,"2014-03-01",2.635326086956522
"2014-03","March, 2014","65","Education and Health Services",21628300,"2014-03-01",1.509860794307867
"2014-03","March, 2014","70","Leisure and Hospitality",14277300,"2014-03-01",3.1798110903138617
"2014-03","March, 2014","80","Other Services",5455000,"2014-03-01",1.5601727733095025
"2014-03","March, 2014","90","Government",22834100,"2014-03-01",-0.23985320459609416
"2014-04","April, 2014","15","Mining, Logging, and Construction",6864500,"2014-04-01",4.902425233430628
"2014-04","April, 2014","30","Manufacturing",12173600,"2014-04-01",1.2222905891939533
"2014-04","April, 2014","40","Trade, Transportation, and Utilities",26054600,"2014-04-01",2.0724292475005486
"2014-04","April, 2014","50","Information",2749200,"2014-04-01",1.2074804888823443
"2014-04","April, 2014","55","Financial Activities",7926300,"2014-04-01",0.7307340382269215
"2014-04","April, 2014","60","Professional and Business Services",19150600,"2014-04-01",3.060505115192741
"2014-04","April, 2014","65","Education and Health Services",21730900,"2014-04-01",1.6664561373960805
"2014-04","April, 2014","70","Leisure and Hospitality",14643500,"2014-04-01",3.271601455612288
"2014-04","April, 2014","80","Other Services",5496900,"2014-04-01",1.6551392536154161
"2014-04","April, 2014","90","Government",22914500,"2014-04-01",0.03186770971572257
"2014-05","May, 2014","15","Mining, Logging, and Construction",7086600,"2014-05-01",4.89963881816567
"2014-05","May, 2014","30","Manufacturing",12240200,"2014-05-01",1.3941467374646908
"2014-05","May, 2014","40","Trade, Transportation, and Utilities",26264500,"2014-05-01",1.9980582524271844
"2014-05","May, 2014","50","Information",2757800,"2014-05-01",1.0368199303901813
"2014-05","May, 2014","55","Financial Activities",7968800,"2014-05-01",0.8683324472798157
"2014-05","May, 2014","60","Professional and Business Services",19278600,"2014-05-01",3.1912388130004707
"2014-05","May, 2014","65","Education and Health Services",21697500,"2014-05-01",1.7992868537111757
"2014-05","May, 2014","70","Leisure and Hospitality",15062000,"2014-05-01",3.318653880451633
"2014-05","May, 2014","80","Other Services",5542600,"2014-05-01",1.8616874643927004
"2014-05","May, 2014","90","Government",22921600,"2014-05-01",0.10874929575004258
"2014-06","June, 2014","15","Mining, Logging, and Construction",7229700,"2014-06-01",4.8177574158378516
"2014-06","June, 2014","30","Manufacturing",12348700,"2014-06-01",1.4650299086307763
"2014-06","June, 2014","40","Trade, Transportation, and Utilities",26429500,"2014-06-01",1.9849431412574134
"2014-06","June, 2014","50","Information",2772500,"2014-06-01",0.990784249444505
"2014-06","June, 2014","55","Financial Activities",8030200,"2014-06-01",0.8287084704050627
"2014-06","June, 2014","60","Professional and Business Services",19379300,"2014-06-01",3.008509937118953
"2014-06","June, 2014","65","Education and Health Services",21432600,"2014-06-01",1.954161870058701
"2014-06","June, 2014","70","Leisure and Hospitality",15366100,"2014-06-01",3.023090538511049
"2014-06","June, 2014","80","Other Services",5605000,"2014-06-01",1.8183799887373069
"2014-06","June, 2014","90","Government",22301200,"2014-06-01",0.2562465721401534
"2014-07","July, 2014","15","Mining, Logging, and Construction",7327200,"2014-07-01",4.971204263488152
"2014-07","July, 2014","30","Manufacturing",12350200,"2014-07-01",1.6745150986267987
"2014-07","July, 2014","40","Trade, Transportation, and Utilities",26364800,"2014-07-01",1.892553072258658
"2014-07","July, 2014","50","Information",2775700,"2014-07-01",1.1331341543394302
"2014-07","July, 2014","55","Financial Activities",8056700,"2014-07-01",0.8246984031636382
"2014-07","July, 2014","60","Professional and Business Services",19380900,"2014-07-01",3.0339921957235965
"2014-07","July, 2014","65","Education and Health Services",21291600,"2014-07-01",2.097419224904336
"2014-07","July, 2014","70","Leisure and Hospitality",15362500,"2014-07-01",2.7935764469722315
"2014-07","July, 2014","80","Other Services",5595500,"2014-07-01",1.821523455981366
"2014-07","July, 2014","90","Government",21175000,"2014-07-01",0.4216047538425788
"2014-08","August, 2014","15","Mining, Logging, and Construction",7382900,"2014-08-01",4.812674796632548
"2014-08","August, 2014","30","Manufacturing",12400100,"2014-08-01",1.6451628768627966
"2014-08","August, 2014","40","Trade, Transportation, and Utilities",26448900,"2014-08-01",1.8781802143960433
"2014-08","August, 2014","50","Information",2782100,"2014-08-01",1.2040742088032013
"2014-08","August, 2014","55","Financial Activities",8066400,"2014-08-01",0.9233541025448541
"2014-08","August, 2014","60","Professional and Business Services",19534800,"2014-08-01",2.9366354893953366
"2014-08","August, 2014","65","Education and Health Services",21417000,"2014-08-01",2.118468294497132
"2014-08","August, 2014","70","Leisure and Hospitality",15393700,"2014-08-01",2.8976885335757543
"2014-08","August, 2014","80","Other Services",5580300,"2014-08-01",1.7356110189422254
"2014-08","August, 2014","90","Government",21454300,"2014-08-01",0.45088491431781996
"2014-09","September, 2014","15","Mining, Logging, and Construction",7354500,"2014-09-01",5.034275921165381
"2014-09","September, 2014","30","Manufacturing",12355700,"2014-09-01",1.5459088069956277
"2014-09","September, 2014","40","Trade, Transportation, and Utilities",26427100,"2014-09-01",1.9882756571305078
"2014-09","September, 2014","50","Information",2752200,"2014-09-01",1.0129927328782207
"2014-09","September, 2014","55","Financial Activities",8004900,"2014-09-01",0.9165174856912333
"2014-09","September, 2014","60","Professional and Business Services",19486900,"2014-09-01",2.9272105933121004
"2014-09","September, 2014","65","Education and Health Services",21728300,"2014-09-01",1.9514461064919952
"2014-09","September, 2014","70","Leisure and Hospitality",15034600,"2014-09-01",2.8020896012253163
"2014-09","September, 2014","80","Other Services",5527300,"2014-09-01",1.6608423763104654
"2014-09","September, 2014","90","Government",22481700,"2014-09-01",0.4916926295274833
"2014-10","October, 2014","15","Mining, Logging, and Construction",7382500,"2014-10-01",5.32736014609579
"2014-10","October, 2014","30","Manufacturing",12360000,"2014-10-01",1.6622936526867305
"2014-10","October, 2014","40","Trade, Transportation, and Utilities",26662400,"2014-10-01",2.1211401607133284
"2014-10","October, 2014","50","Information",2765100,"2014-10-01",0.9344770943602847
"2014-10","October, 2014","55","Financial Activities",8029900,"2014-10-01",1.0164672730246191
"2014-10","October, 2014","60","Professional and Business Services",19691900,"2014-10-01",3.220006709439342
"2014-10","October, 2014","65","Education and Health Services",22002100,"2014-10-01",2.0832270067878866
"2014-10","October, 2014","70","Leisure and Hospitality",14841100,"2014-10-01",3.0324278166936263
"2014-10","October, 2014","80","Other Services",5540300,"2014-10-01",1.9599543597482425
"2014-10","October, 2014","90","Government",22932300,"2014-10-01",0.4951948569850959
"2014-11","November, 2014","15","Mining, Logging, and Construction",7306800,"2014-11-01",5.1731583038258915
"2014-11","November, 2014","30","Manufacturing",12372200,"2014-11-01",1.6848576500756132
"2014-11","November, 2014","40","Trade, Transportation, and Utilities",27253100,"2014-11-01",2.039433286905992
"2014-11","November, 2014","50","Information",2776200,"2014-11-01",0.3469963131641726
"2014-11","November, 2014","55","Financial Activities",8043600,"2014-11-01",1.036288955043901
"2014-11","November, 2014","60","Professional and Business Services",19789400,"2014-11-01",3.1132925869767973
"2014-11","November, 2014","65","Education and Health Services",22096700,"2014-11-01",1.9813175554058169
"2014-11","November, 2014","70","Leisure and Hospitality",14648900,"2014-11-01",2.8267187039350845
"2014-11","November, 2014","80","Other Services",5535800,"2014-11-01",1.7554178997481757
"2014-11","November, 2014","90","Government",23063800,"2014-11-01",0.5322186237288431
"2014-12","December, 2014","15","Mining, Logging, and Construction",7186000,"2014-12-01",6.003835373948959
"2014-12","December, 2014","30","Manufacturing",12408600,"2014-12-01",1.9136633923584876
"2014-12","December, 2014","40","Trade, Transportation, and Utilities",27590600,"2014-12-01",2.2309502195379514
"2014-12","December, 2014","50","Information",2785500,"2014-12-01",0.7049891540130151
"2014-12","December, 2014","55","Financial Activities",8077100,"2014-12-01",1.2079140927487564
"2014-12","December, 2014","60","Professional and Business Services",19788200,"2014-12-01",3.3342558891262004
"2014-12","December, 2014","65","Education and Health Services",22113200,"2014-12-01",2.1829137554988725
"2014-12","December, 2014","70","Leisure and Hospitality",14661800,"2014-12-01",2.951956970522561
"2014-12","December, 2014","80","Other Services",5536100,"2014-12-01",1.8133333333333335
"2014-12","December, 2014","90","Government",22953800,"2014-12-01",0.5317005658625462
"2015-01","January, 2015","15","Mining, Logging, and Construction",6871700,"2015-01-01",5.707077699324689
"2015-01","January, 2015","30","Manufacturing",12310000,"2015-01-01",2.0053032814053693
"2015-01","January, 2015","40","Trade, Transportation, and Utilities",26547700,"2015-01-01",2.2741106582323347
"2015-01","January, 2015","50","Information",2740800,"2015-01-01",0.3956043956043956
"2015-01","January, 2015","55","Financial Activities",7998600,"2015-01-01",1.467733955777696
"2015-01","January, 2015","60","Professional and Business Services",19244400,"2015-01-01",3.2219999249076094
"2015-01","January, 2015","65","Education and Health Services",21785600,"2015-01-01",2.3288147375738615
"2015-01","January, 2015","70","Leisure and Hospitality",14301700,"2015-01-01",3.1533773305925203
"2015-01","January, 2015","80","Other Services",5471200,"2015-01-01",1.5875373674731235
"2015-01","January, 2015","90","Government",22470900,"2015-01-01",0.5409395973154363
"2015-02","February, 2015","15","Mining, Logging, and Construction",6853700,"2015-02-01",5.384792803874837
"2015-02","February, 2015","30","Manufacturing",12328900,"2015-02-01",1.8075970272502062
"2015-02","February, 2015","40","Trade, Transportation, and Utilities",26367400,"2015-02-01",2.283668299797895
"2015-02","February, 2015","50","Information",2757100,"2015-02-01",0.8891978922716627
"2015-02","February, 2015","55","Financial Activities",8014600,"2015-02-01",1.5418920802239988
"2015-02","February, 2015","60","Professional and Business Services",19333300,"2015-02-01",3.1252333656933766
"2015-02","February, 2015","65","Education and Health Services",22043600,"2015-02-01",2.3489044791226545
"2015-02","February, 2015","70","Leisure and Hospitality",14448200,"2015-02-01",3.373471563387638
"2015-02","February, 2015","80","Other Services",5495800,"2015-02-01",1.516522895616676
"2015-02","February, 2015","90","Government",22869300,"2015-02-01",0.5526829525668759
"2015-03","March, 2015","15","Mining, Logging, and Construction",6929800,"2015-03-01",4.276513783556037
"2015-03","March, 2015","30","Manufacturing",12345200,"2015-03-01",1.680229301881198
"2015-03","March, 2015","40","Trade, Transportation, and Utilities",26458200,"2015-03-01",2.2148047703487364
"2015-03","March, 2015","50","Information",2760700,"2015-03-01",0.7113672844009923
"2015-03","March, 2015","55","Financial Activities",8027900,"2015-03-01",1.5624209301148728
"2015-03","March, 2015","60","Professional and Business Services",19416700,"2015-03-01",2.8160064390068253
"2015-03","March, 2015","65","Education and Health Services",22114900,"2015-03-01",2.249830083732887
"2015-03","March, 2015","70","Leisure and Hospitality",14698200,"2015-03-01",2.948036393435734
"2015-03","March, 2015","80","Other Services",5530100,"2015-03-01",1.3767186067827681
"2015-03","March, 2015","90","Government",22944700,"2015-03-01",0.48436329875055295
"2015-04","April, 2015","15","Mining, Logging, and Construction",7150600,"2015-04-01",4.167819943185957
"2015-04","April, 2015","30","Manufacturing",12350000,"2015-04-01",1.4490372609581388
"2015-04","April, 2015","40","Trade, Transportation, and Utilities",26630700,"2015-04-01",2.2111258664496867
"2015-04","April, 2015","50","Information",2770700,"2015-04-01",0.7820456860177506
"2015-04","April, 2015","55","Financial Activities",8061500,"2015-04-01",1.7057138892042947
"2015-04","April, 2015","60","Professional and Business Services",19680900,"2015-04-01",2.7691038400885613
"2015-04","April, 2015","65","Education and Health Services",22234900,"2015-04-01",2.3192780786805884
"2015-04","April, 2015","70","Leisure and Hospitality",15076500,"2015-04-01",2.9569433537064227
"2015-04","April, 2015","80","Other Services",5558900,"2015-04-01",1.127908457494224
"2015-04","April, 2015","90","Government",23019400,"2015-04-01",0.4577887363896223
"2015-05","May, 2015","15","Mining, Logging, and Construction",7323400,"2015-05-01",3.341517794146699
"2015-05","May, 2015","30","Manufacturing",12408700,"2015-05-01",1.3766114932762537
"2015-05","May, 2015","40","Trade, Transportation, and Utilities",26862700,"2015-05-01",2.277599040529993
"2015-05","May, 2015","50","Information",2787500,"2015-05-01",1.076945391253898
"2015-05","May, 2015","55","Financial Activities",8107200,"2015-05-01",1.7367734163236621
"2015-05","May, 2015","60","Professional and Business Services",19791600,"2015-05-01",2.6609816065481935
"2015-05","May, 2015","65","Education and Health Services",22219500,"2015-05-01",2.405807120636018
"2015-05","May, 2015","70","Leisure and Hospitality",15510100,"2015-05-01",2.975036515734962
"2015-05","May, 2015","80","Other Services",5602300,"2015-05-01",1.0771118247753761
"2015-05","May, 2015","90","Government",23008200,"2015-05-01",0.3778095769928801
"2015-06","June, 2015","15","Mining, Logging, and Construction",7448200,"2015-06-01",3.022255418620413
"2015-06","June, 2015","30","Manufacturing",12508100,"2015-06-01",1.290824135334084
"2015-06","June, 2015","40","Trade, Transportation, and Utilities",27024200,"2015-06-01",2.2501371573431204
"2015-06","June, 2015","50","Information",2804500,"2015-06-01",1.1541929666366095
"2015-06","June, 2015","55","Financial Activities",8172600,"2015-06-01",1.7733057707155486
"2015-06","June, 2015","60","Professional and Business Services",19896000,"2015-06-01",2.666246974864933
"2015-06","June, 2015","65","Education and Health Services",21964200,"2015-06-01",2.480333697264914
"2015-06","June, 2015","70","Leisure and Hospitality",15818400,"2015-06-01",2.943492493215585
"2015-06","June, 2015","80","Other Services",5667100,"2015-06-01",1.1079393398751116
"2015-06","June, 2015","90","Government",22437600,"2015-06-01",0.6116262802001686
"2015-07","July, 2015","15","Mining, Logging, and Construction",7529700,"2015-07-01",2.763675073698002
"2015-07","July, 2015","30","Manufacturing",12516100,"2015-07-01",1.3432980842415507
"2015-07","July, 2015","40","Trade, Transportation, and Utilities",26987600,"2015-07-01",2.3622405631751424
"2015-07","July, 2015","50","Information",2816400,"2015-07-01",1.4662967899989192
"2015-07","July, 2015","55","Financial Activities",8217500,"2015-07-01",1.9958543820670995
"2015-07","July, 2015","60","Professional and Business Services",19982800,"2015-07-01",3.1056349292344523
"2015-07","July, 2015","65","Education and Health Services",21874400,"2015-07-01",2.7372297056116026
"2015-07","July, 2015","70","Leisure and Hospitality",15875700,"2015-07-01",3.34060211554109
"2015-07","July, 2015","80","Other Services",5670500,"2015-07-01",1.3403627915289071
"2015-07","July, 2015","90","Government",21324700,"2015-07-01",0.706965761511216
"2015-08","August, 2015","15","Mining, Logging, and Construction",7550700,"2015-08-01",2.2728196237250944
"2015-08","August, 2015","30","Manufacturing",12530000,"2015-08-01",1.0475721969984113
"2015-08","August, 2015","40","Trade, Transportation, and Utilities",27051800,"2015-08-01",2.2794898842673987
"2015-08","August, 2015","50","Information",2812800,"2015-08-01",1.1034829804823696
"2015-08","August, 2015","55","Financial Activities",8219200,"2015-08-01",1.8942774967767528
"2015-08","August, 2015","60","Professional and Business Services",20057000,"2015-08-01",2.6731781231443374
"2015-08","August, 2015","65","Education and Health Services",21951100,"2015-08-01",2.4938133258626327
"2015-08","August, 2015","70","Leisure and Hospitality",15878700,"2015-08-01",3.1506395473472915
"2015-08","August, 2015","80","Other Services",5647700,"2015-08-01",1.2078203680805693
"2015-08","August, 2015","90","Government",21583000,"2015-08-01",0.5998797443869062
"2015-09","September, 2015","15","Mining, Logging, and Construction",7493400,"2015-09-01",1.8886396084030186
"2015-09","September, 2015","30","Manufacturing",12488200,"2015-09-01",1.0723795495196549
"2015-09","September, 2015","40","Trade, Transportation, and Utilities",26994500,"2015-09-01",2.1470384567356993
"2015-09","September, 2015","50","Information",2787700,"2015-09-01",1.2898771891577647
"2015-09","September, 2015","55","Financial Activities",8154700,"2015-09-01",1.8713537958000726
"2015-09","September, 2015","60","Professional and Business Services",19983200,"2015-09-01",2.5468391586142487
"2015-09","September, 2015","65","Education and Health Services",22256200,"2015-09-01",2.4295504020102814
"2015-09","September, 2015","70","Leisure and Hospitality",15554900,"2015-09-01",3.460684022188818
"2015-09","September, 2015","80","Other Services",5592200,"2015-09-01",1.1741718379679047
"2015-09","September, 2015","90","Government",22595500,"2015-09-01",0.506189478553668
"2015-10","October, 2015","15","Mining, Logging, and Construction",7539400,"2015-10-01",2.1252963088384695
"2015-10","October, 2015","30","Manufacturing",12451500,"2015-10-01",0.7402912621359223
"2015-10","October, 2015","40","Trade, Transportation, and Utilities",27227300,"2015-10-01",2.1187139942390782
"2015-10","October, 2015","50","Information",2811300,"2015-10-01",1.6708256482586523
"2015-10","October, 2015","55","Financial Activities",8194100,"2015-10-01",2.0448573456705565
"2015-10","October, 2015","60","Professional and Business Services",20255000,"2015-10-01",2.8595513891498534
"2015-10","October, 2015","65","Education and Health Services",22602200,"2015-10-01",2.727466923611837
"2015-10","October, 2015","70","Leisure and Hospitality",15372800,"2015-10-01",3.582618539057078
"2015-10","October, 2015","80","Other Services",5610500,"2015-10-01",1.2670794000324892
"2015-10","October, 2015","90","Government",23043700,"2015-10-01",0.48577770219297667
"2015-11","November, 2015","15","Mining, Logging, and Construction",7443500,"2015-11-01",1.87086002080254
"2015-11","November, 2015","30","Manufacturing",12441600,"2015-11-01",0.5609349994342154
"2015-11","November, 2015","40","Trade, Transportation, and Utilities",27763600,"2015-11-01",1.8731813995472075
"2015-11","November, 2015","50","Information",2830900,"2015-11-01",1.9703191412722427
"2015-11","November, 2015","55","Financial Activities",8202600,"2015-11-01",1.9767268387289274
"2015-11","November, 2015","60","Professional and Business Services",20314100,"2015-11-01",2.651419446774536
"2015-11","November, 2015","65","Education and Health Services",22698200,"2015-11-01",2.7221259283060366
"2015-11","November, 2015","70","Leisure and Hospitality",15195400,"2015-11-01",3.7306555441022877
"2015-11","November, 2015","80","Other Services",5609800,"2015-11-01",1.3367534954297482
"2015-11","November, 2015","90","Government",23150800,"2015-11-01",0.37721450931763195
"2015-12","December, 2015","15","Mining, Logging, and Construction",7330600,"2015-12-01",2.0122460339549124
"2015-12","December, 2015","30","Manufacturing",12455900,"2015-12-01",0.3811872411069742
"2015-12","December, 2015","40","Trade, Transportation, and Utilities",28021300,"2015-12-01",1.5610389045544497
"2015-12","December, 2015","50","Information",2836300,"2015-12-01",1.823730030515168
"2015-12","December, 2015","55","Financial Activities",8229300,"2015-12-01",1.884339676368994
"2015-12","December, 2015","60","Professional and Business Services",20293600,"2015-12-01",2.5540473615589088
"2015-12","December, 2015","65","Education and Health Services",22706000,"2015-12-01",2.6807517681746647
"2015-12","December, 2015","70","Leisure and Hospitality",15212200,"2015-12-01",3.7539729091925955
"2015-12","December, 2015","80","Other Services",5616400,"2015-12-01",1.4504795794873646
"2015-12","December, 2015","90","Government",23089600,"2015-12-01",0.5916231735050406
"2016-01","January, 2016","15","Mining, Logging, and Construction",7000400,"2016-01-01",1.8728989915159275
"2016-01","January, 2016","30","Manufacturing",12361400,"2016-01-01",0.41754670999187654
"2016-01","January, 2016","40","Trade, Transportation, and Utilities",26988600,"2016-01-01",1.6607841733935518
"2016-01","January, 2016","50","Information",2796400,"2016-01-01",2.028604786923526
"2016-01","January, 2016","55","Financial Activities",8158700,"2016-01-01",2.0016002800490087
"2016-01","January, 2016","60","Professional and Business Services",19737800,"2016-01-01",2.5638627340940743
"2016-01","January, 2016","65","Education and Health Services",22372100,"2016-01-01",2.69214527027027
"2016-01","January, 2016","70","Leisure and Hospitality",14816400,"2016-01-01",3.598872861268241
"2016-01","January, 2016","80","Other Services",5557900,"2016-01-01",1.5846615002193303
"2016-01","January, 2016","90","Government",22602600,"2016-01-01",0.586091344805949
"2016-02","February, 2016","15","Mining, Logging, and Construction",6995300,"2016-02-01",2.066037322905876
"2016-02","February, 2016","30","Manufacturing",12373900,"2016-02-01",0.3649960661535092
"2016-02","February, 2016","40","Trade, Transportation, and Utilities",26845400,"2016-02-01",1.8128446490742356
"2016-02","February, 2016","50","Information",2816900,"2016-02-01",2.1689456312792426
"2016-02","February, 2016","55","Financial Activities",8172900,"2016-02-01",1.9751453597185136
"2016-02","February, 2016","60","Professional and Business Services",19836400,"2016-02-01",2.602245865941148
"2016-02","February, 2016","65","Education and Health Services",22655700,"2016-02-01",2.776769674644795
"2016-02","February, 2016","70","Leisure and Hospitality",14978900,"2016-02-01",3.6731219113799645
"2016-02","February, 2016","80","Other Services",5589500,"2016-02-01",1.704938316532625
"2016-02","February, 2016","90","Government",23006500,"2016-02-01",0.5999309117463149
"2016-03","March, 2016","15","Mining, Logging, and Construction",7103100,"2016-03-01",2.5007936736990968
"2016-03","March, 2016","30","Manufacturing",12378200,"2016-03-01",0.2673103716424197
"2016-03","March, 2016","40","Trade, Transportation, and Utilities",26910000,"2016-03-01",1.7075991564051978
"2016-03","March, 2016","50","Information",2808200,"2016-03-01",1.7205781142463867
"2016-03","March, 2016","55","Financial Activities",8178600,"2016-03-01",1.8772032536528858
"2016-03","March, 2016","60","Professional and Business Services",19893900,"2016-03-01",2.4576781842434605
"2016-03","March, 2016","65","Education and Health Services",22720300,"2016-03-01",2.737520856978779
"2016-03","March, 2016","70","Leisure and Hospitality",15242900,"2016-03-01",3.70589596004953
"2016-03","March, 2016","80","Other Services",5619300,"2016-03-01",1.6129907234950545
"2016-03","March, 2016","90","Government",23133800,"2016-03-01",0.8241554694548197
"2016-04","April, 2016","15","Mining, Logging, and Construction",7320000,"2016-04-01",2.3690319693452295
"2016-04","April, 2016","30","Manufacturing",12386500,"2016-04-01",0.29554655870445345
"2016-04","April, 2016","40","Trade, Transportation, and Utilities",27081800,"2016-04-01",1.6939096606548083
"2016-04","April, 2016","50","Information",2835700,"2016-04-01",2.345977550799437
"2016-04","April, 2016","55","Financial Activities",8222400,"2016-04-01",1.9959064690194133
"2016-04","April, 2016","60","Professional and Business Services",20197500,"2016-04-01",2.624879959757938
"2016-04","April, 2016","65","Education and Health Services",22862300,"2016-04-01",2.8216902257262233
"2016-04","April, 2016","70","Leisure and Hospitality",15634600,"2016-04-01",3.701787550160846
"2016-04","April, 2016","80","Other Services",5664700,"2016-04-01",1.90325424094695
"2016-04","April, 2016","90","Government",23177300,"2016-04-01",0.685943160985951
"2016-05","May, 2016","15","Mining, Logging, and Construction",7431200,"2016-05-01",1.4719938826228254
"2016-05","May, 2016","30","Manufacturing",12407700,"2016-05-01",-0.008058861927518597
"2016-05","May, 2016","40","Trade, Transportation, and Utilities",27218300,"2016-05-01",1.3237686457429818
"2016-05","May, 2016","50","Information",2815200,"2016-05-01",0.9937219730941703
"2016-05","May, 2016","55","Financial Activities",8254300,"2016-05-01",1.8144365502269586
"2016-05","May, 2016","60","Professional and Business Services",20187300,"2016-05-01",1.9993330503850117
"2016-05","May, 2016","65","Education and Health Services",22815900,"2016-05-01",2.684128805778708
"2016-05","May, 2016","70","Leisure and Hospitality",15969200,"2016-05-01",2.960006705308154
"2016-05","May, 2016","80","Other Services",5695700,"2016-05-01",1.6671724113310606
"2016-05","May, 2016","90","Government",23159900,"2016-05-01",0.6593301518589024
"2016-06","June, 2016","15","Mining, Logging, and Construction",7554200,"2016-06-01",1.423162643323219
"2016-06","June, 2016","30","Manufacturing",12492900,"2016-06-01",-0.12152125422726073
"2016-06","June, 2016","40","Trade, Transportation, and Utilities",27288000,"2016-06-01",0.9761621065563457
"2016-06","June, 2016","50","Information",2851800,"2016-06-01",1.6865751470850419
"2016-06","June, 2016","55","Financial Activities",8309700,"2016-06-01",1.6775567138976581
"2016-06","June, 2016","60","Professional and Business Services",20282000,"2016-06-01",1.9400884599919583
"2016-06","June, 2016","65","Education and Health Services",22517800,"2016-06-01",2.5204651205142916
"2016-06","June, 2016","70","Leisure and Hospitality",16290500,"2016-06-01",2.984499064380721
"2016-06","June, 2016","80","Other Services",5747700,"2016-06-01",1.4222441813273101
"2016-06","June, 2016","90","Government",22601800,"2016-06-01",0.7318073234213998
"2016-07","July, 2016","15","Mining, Logging, and Construction",7638100,"2016-07-01",1.4396323890726057
"2016-07","July, 2016","30","Manufacturing",12516300,"2016-07-01",0.001597941850896046
"2016-07","July, 2016","40","Trade, Transportation, and Utilities",27312500,"2016-07-01",1.2038862292312025
"2016-07","July, 2016","50","Information",2864600,"2016-07-01",1.7114046300241443
"2016-07","July, 2016","55","Financial Activities",8367300,"2016-07-01",1.8229388500152113
"2016-07","July, 2016","60","Professional and Business Services",20388900,"2016-07-01",2.0322477330504234
"2016-07","July, 2016","65","Education and Health Services",22462500,"2016-07-01",2.6885308854185714
"2016-07","July, 2016","70","Leisure and Hospitality",16349700,"2016-07-01",2.985695118955385
"2016-07","July, 2016","80","Other Services",5752900,"2016-07-01",1.453134644211269
"2016-07","July, 2016","90","Government",21535700,"2016-07-01",0.9894629232767636
"2016-08","August, 2016","15","Mining, Logging, and Construction",7640600,"2016-08-01",1.190618088389156
"2016-08","August, 2016","30","Manufacturing",12511900,"2016-08-01",-0.14445331205107742
"2016-08","August, 2016","40","Trade, Transportation, and Utilities",27354500,"2016-08-01",1.1189643572701262
"2016-08","August, 2016","50","Information",2864300,"2016-08-01",1.830915813424346
"2016-08","August, 2016","55","Financial Activities",8373800,"2016-08-01",1.8809616507689313
"2016-08","August, 2016","60","Professional and Business Services",20448100,"2016-08-01",1.9499426634092833
"2016-08","August, 2016","65","Education and Health Services",22553200,"2016-08-01",2.742914933647972
"2016-08","August, 2016","70","Leisure and Hospitality",16343700,"2016-08-01",2.9284513215817416
"2016-08","August, 2016","80","Other Services",5733100,"2016-08-01",1.5121199780441594
"2016-08","August, 2016","90","Government",21804800,"2016-08-01",1.0276606588518742
"2016-09","September, 2016","15","Mining, Logging, and Construction",7619500,"2016-09-01",1.682814209837991
"2016-09","September, 2016","30","Manufacturing",12461600,"2016-09-01",-0.2130010730129242
"2016-09","September, 2016","40","Trade, Transportation, and Utilities",27292900,"2016-09-01",1.1054103613699087
"2016-09","September, 2016","50","Information",2841700,"2016-09-01",1.9370807475696812
"2016-09","September, 2016","55","Financial Activities",8318300,"2016-09-01",2.00620501060738
"2016-09","September, 2016","60","Professional and Business Services",20458000,"2016-09-01",2.3759958365026623
"2016-09","September, 2016","65","Education and Health Services",22907900,"2016-09-01",2.9281728237524827
"2016-09","September, 2016","70","Leisure and Hospitality",15997400,"2016-09-01",2.844762743572765
"2016-09","September, 2016","80","Other Services",5695100,"2016-09-01",1.8400629448159938
"2016-09","September, 2016","90","Government",22882900,"2016-09-01",1.2719346772587463
"2016-10","October, 2016","15","Mining, Logging, and Construction",7619700,"2016-10-01",1.0650714911000876
"2016-10","October, 2016","30","Manufacturing",12427000,"2016-10-01",-0.19676344215556357
"2016-10","October, 2016","40","Trade, Transportation, and Utilities",27493700,"2016-10-01",0.9784297377999287
"2016-10","October, 2016","50","Information",2841000,"2016-10-01",1.0564507523209903
"2016-10","October, 2016","55","Financial Activities",8337400,"2016-10-01",1.7488192724033145
"2016-10","October, 2016","60","Professional and Business Services",20558000,"2016-10-01",1.4959269316218218
"2016-10","October, 2016","65","Education and Health Services",23164400,"2016-10-01",2.4873684862535503
"2016-10","October, 2016","70","Leisure and Hospitality",15756000,"2016-10-01",2.492714404662781
"2016-10","October, 2016","80","Other Services",5704000,"2016-10-01",1.666518135638535
"2016-10","October, 2016","90","Government",23221800,"2016-10-01",0.772879355311864
"2016-11","November, 2016","15","Mining, Logging, and Construction",7546800,"2016-11-01",1.387788002955599
"2016-11","November, 2016","30","Manufacturing",12436500,"2016-11-01",-0.04099151234567901
"2016-11","November, 2016","40","Trade, Transportation, and Utilities",28069300,"2016-11-01",1.1010819922488437
"2016-11","November, 2016","50","Information",2863400,"2016-11-01",1.1480447914090925
"2016-11","November, 2016","55","Financial Activities",8347700,"2016-11-01",1.7689513081218151
"2016-11","November, 2016","60","Professional and Business Services",20593500,"2016-11-01",1.3753993531586435
"2016-11","November, 2016","65","Education and Health Services",23250600,"2016-11-01",2.4336731546994916
"2016-11","November, 2016","70","Leisure and Hospitality",15593700,"2016-11-01",2.6211879911025706
"2016-11","November, 2016","80","Other Services",5694500,"2016-11-01",1.509857748939356
"2016-11","November, 2016","90","Government",23382700,"2016-11-01",1.0016932460217358
"2016-12","December, 2016","15","Mining, Logging, and Construction",7398900,"2016-12-01",0.9317109104302513
"2016-12","December, 2016","30","Manufacturing",12460200,"2016-12-01",0.034521792885299336
"2016-12","December, 2016","40","Trade, Transportation, and Utilities",28318500,"2016-12-01",1.0606217413182115
"2016-12","December, 2016","50","Information",2861100,"2016-12-01",0.8743785918273808
"2016-12","December, 2016","55","Financial Activities",8381600,"2016-12-01",1.8507041911219668
"2016-12","December, 2016","60","Professional and Business Services",20511000,"2016-12-01",1.0712737020538494
"2016-12","December, 2016","65","Education and Health Services",23250600,"2016-12-01",2.3984849819430987
"2016-12","December, 2016","70","Leisure and Hospitality",15543300,"2016-12-01",2.176542511931213
"2016-12","December, 2016","80","Other Services",5679800,"2016-12-01",1.1288369774232605
"2016-12","December, 2016","90","Government",23276900,"2016-12-01",0.8111877208786641
"2017-01","January, 2017","15","Mining, Logging, and Construction",7105700,"2017-01-01",1.5041997600137136
"2017-01","January, 2017","30","Manufacturing",12373400,"2017-01-01",0.09707638293397187
"2017-01","January, 2017","40","Trade, Transportation, and Utilities",27341400,"2017-01-01",1.3072186034103288
"2017-01","January, 2017","50","Information",2814700,"2017-01-01",0.6544128164783293
"2017-01","January, 2017","55","Financial Activities",8303400,"2017-01-01",1.7735668672705212
"2017-01","January, 2017","60","Professional and Business Services",20026200,"2017-01-01",1.4611557519075073
"2017-01","January, 2017","65","Education and Health Services",22921800,"2017-01-01",2.457078235838388
"2017-01","January, 2017","70","Leisure and Hospitality",15172200,"2017-01-01",2.401393050943549
"2017-01","January, 2017","80","Other Services",5612100,"2017-01-01",0.9751884704654635
"2017-01","January, 2017","90","Government",22786000,"2017-01-01",0.8114110766018069
"2017-02","February, 2017","15","Mining, Logging, and Construction",7178900,"2017-02-01",2.6246193873029036
"2017-02","February, 2017","30","Manufacturing",12405400,"2017-02-01",0.25456808281948295
"2017-02","February, 2017","40","Trade, Transportation, and Utilities",27114000,"2017-02-01",1.0005438548131151
"2017-02","February, 2017","50","Information",2852600,"2017-02-01",1.2673506336753169
"2017-02","February, 2017","55","Financial Activities",8325800,"2017-02-01",1.8708169682731954
"2017-02","February, 2017","60","Professional and Business Services",20144400,"2017-02-01",1.5527010949567461
"2017-02","February, 2017","65","Education and Health Services",23239900,"2017-02-01",2.5786005287852505
"2017-02","February, 2017","70","Leisure and Hospitality",15347800,"2017-02-01",2.462797668720667
"2017-02","February, 2017","80","Other Services",5640800,"2017-02-01",0.9177922891135164
"2017-02","February, 2017","90","Government",23191900,"2017-02-01",0.805859213700476
"2017-03","March, 2017","15","Mining, Logging, and Construction",7312300,"2017-03-01",2.9451929439258917
"2017-03","March, 2017","30","Manufacturing",12426500,"2017-03-01",0.3902021295503385
"2017-03","March, 2017","40","Trade, Transportation, and Utilities",27143800,"2017-03-01",0.8688219992567818
"2017-03","March, 2017","50","Information",2836200,"2017-03-01",0.9970799800584005
"2017-03","March, 2017","55","Financial Activities",8343300,"2017-03-01",2.013792091556012
"2017-03","March, 2017","60","Professional and Business Services",20257500,"2017-03-01",1.827695926892163
"2017-03","March, 2017","65","Education and Health Services",23315000,"2017-03-01",2.6174830437978374
"2017-03","March, 2017","70","Leisure and Hospitality",15627500,"2017-03-01",2.5231419218127784
"2017-03","March, 2017","80","Other Services",5676200,"2017-03-01",1.0125816382823485
"2017-03","March, 2017","90","Government",23283600,"2017-03-01",0.64753736956315
"2017-04","April, 2017","15","Mining, Logging, and Construction",7505200,"2017-04-01",2.530054644808743
"2017-04","April, 2017","30","Manufacturing",12433800,"2017-04-01",0.38186735558874585
"2017-04","April, 2017","40","Trade, Transportation, and Utilities",27251300,"2017-04-01",0.6258815883730032
"2017-04","April, 2017","50","Information",2830400,"2017-04-01",-0.1869027047995204
"2017-04","April, 2017","55","Financial Activities",8360500,"2017-04-01",1.679558279820977
"2017-04","April, 2017","60","Professional and Business Services",20423000,"2017-04-01",1.1164748112390148
"2017-04","April, 2017","65","Education and Health Services",23379600,"2017-04-01",2.262676983505597
"2017-04","April, 2017","70","Leisure and Hospitality",15946600,"2017-04-01",1.9955739193839306
"2017-04","April, 2017","80","Other Services",5707800,"2017-04-01",0.7608522957967765
"2017-04","April, 2017","90","Government",23306300,"2017-04-01",0.5565790665867033
"2017-05","May, 2017","15","Mining, Logging, and Construction",7694200,"2017-05-01",3.53913230702982
"2017-05","May, 2017","30","Manufacturing",12475200,"2017-05-01",0.5440170216881453
"2017-05","May, 2017","40","Trade, Transportation, and Utilities",27403700,"2017-05-01",0.6811593670434964
"2017-05","May, 2017","50","Information",2843200,"2017-05-01",0.9946007388462632
"2017-05","May, 2017","55","Financial Activities",8400700,"2017-05-01",1.773621021770471
"2017-05","May, 2017","60","Professional and Business Services",20517000,"2017-05-01",1.6332050348486424
"2017-05","May, 2017","65","Education and Health Services",23359400,"2017-05-01",2.3821107210322623
"2017-05","May, 2017","70","Leisure and Hospitality",16318900,"2017-05-01",2.189840442852491
"2017-05","May, 2017","80","Other Services",5745300,"2017-05-01",0.8708323823235072
"2017-05","May, 2017","90","Government",23298200,"2017-05-01",0.5971528374474846
"2017-06","June, 2017","15","Mining, Logging, and Construction",7860000,"2017-06-01",4.0480792142119615
"2017-06","June, 2017","30","Manufacturing",12600600,"2017-06-01",0.8620896669308167
"2017-06","June, 2017","40","Trade, Transportation, and Utilities",27541000,"2017-06-01",0.9271474640867781
"2017-06","June, 2017","50","Information",2859500,"2017-06-01",0.2700049091801669
"2017-06","June, 2017","55","Financial Activities",8485100,"2017-06-01",2.1107861896338016
"2017-06","June, 2017","60","Professional and Business Services",20698000,"2017-06-01",2.0510797751701015
"2017-06","June, 2017","65","Education and Health Services",23113600,"2017-06-01",2.6459067937365104
"2017-06","June, 2017","70","Leisure and Hospitality",16702800,"2017-06-01",2.530922930542341
"2017-06","June, 2017","80","Other Services",5814600,"2017-06-01",1.1639438384049272
"2017-06","June, 2017","90","Government",22753500,"2017-06-01",0.6711854808024139
"2017-07","July, 2017","15","Mining, Logging, and Construction",7899200,"2017-07-01",3.4183893900315523
"2017-07","July, 2017","30","Manufacturing",12593800,"2017-07-01",0.6191925728849581
"2017-07","July, 2017","40","Trade, Transportation, and Utilities",27485300,"2017-07-01",0.6326773455377575
"2017-07","July, 2017","50","Information",2854200,"2017-07-01",-0.3630524331494799
"2017-07","July, 2017","55","Financial Activities",8515000,"2017-07-01",1.7652050243208681
"2017-07","July, 2017","60","Professional and Business Services",20692800,"2017-07-01",1.4905168989008726
"2017-07","July, 2017","65","Education and Health Services",22931700,"2017-07-01",2.08881469115192
"2017-07","July, 2017","70","Leisure and Hospitality",16691500,"2017-07-01",2.0905582365425666
"2017-07","July, 2017","80","Other Services",5789100,"2017-07-01",0.6292478576022528
"2017-07","July, 2017","90","Government",21640300,"2017-07-01",0.4857051314793575
"2017-08","August, 2017","15","Mining, Logging, and Construction",7918500,"2017-08-01",3.637148915006675
"2017-08","August, 2017","30","Manufacturing",12618400,"2017-08-01",0.8511896674366004
"2017-08","August, 2017","40","Trade, Transportation, and Utilities",27543800,"2017-08-01",0.692025078140708
"2017-08","August, 2017","50","Information",2864400,"2017-08-01",0.00349125440770869
"2017-08","August, 2017","55","Financial Activities",8514300,"2017-08-01",1.6778523489932886
"2017-08","August, 2017","60","Professional and Business Services",20752200,"2017-08-01",1.487179737970765
"2017-08","August, 2017","65","Education and Health Services",23037700,"2017-08-01",2.1482539063192805
"2017-08","August, 2017","70","Leisure and Hospitality",16695300,"2017-08-01",2.151287652122836
"2017-08","August, 2017","80","Other Services",5767800,"2017-08-01",0.6052571906996215
"2017-08","August, 2017","90","Government",21890500,"2017-08-01",0.3930327267390666
"2017-09","September, 2017","15","Mining, Logging, and Construction",7863600,"2017-09-01",3.2036222849268325
"2017-09","September, 2017","30","Manufacturing",12560500,"2017-09-01",0.7936380561083648
"2017-09","September, 2017","40","Trade, Transportation, and Utilities",27445800,"2017-09-01",0.5602189580440334
"2017-09","September, 2017","50","Information",2841800,"2017-09-01",0.0035190203047471584
"2017-09","September, 2017","55","Financial Activities",8456200,"2017-09-01",1.6577906543404302
"2017-09","September, 2017","60","Professional and Business Services",20692600,"2017-09-01",1.1467396617460162
"2017-09","September, 2017","65","Education and Health Services",23348700,"2017-09-01",1.9242270133883945
"2017-09","September, 2017","70","Leisure and Hospitality",16215300,"2017-09-01",1.3620963406553566
"2017-09","September, 2017","80","Other Services",5711700,"2017-09-01",0.29147863953222947
"2017-09","September, 2017","90","Government",22935900,"2017-09-01",0.23161399997377957
"2017-10","October, 2017","15","Mining, Logging, and Construction",7904700,"2017-10-01",3.740304736406945
"2017-10","October, 2017","30","Manufacturing",12565900,"2017-10-01",1.1177275287680053
"2017-10","October, 2017","40","Trade, Transportation, and Utilities",27670400,"2017-10-01",0.6426926895979806
"2017-10","October, 2017","50","Information",2851000,"2017-10-01",0.3519887363604365
"2017-10","October, 2017","55","Financial Activities",8484300,"2017-10-01",1.7619401731954805
"2017-10","October, 2017","60","Professional and Business Services",20871400,"2017-10-01",1.5244673606381942
"2017-10","October, 2017","65","Education and Health Services",23628600,"2017-10-01",2.003937075857782
"2017-10","October, 2017","70","Leisure and Hospitality",16077800,"2017-10-01",2.0423965473470425
"2017-10","October, 2017","80","Other Services",5731100,"2017-10-01",0.47510518934081347
"2017-10","October, 2017","90","Government",23312100,"2017-10-01",0.3888587448001447
"2017-11","November, 2017","15","Mining, Logging, and Construction",7842400,"2017-11-01",3.916891927704458
"2017-11","November, 2017","30","Manufacturing",12591300,"2017-11-01",1.244723193824629
"2017-11","November, 2017","40","Trade, Transportation, and Utilities",28331900,"2017-11-01",0.9355416772060579
"2017-11","November, 2017","50","Information",2867300,"2017-11-01",0.13620171823706084
"2017-11","November, 2017","55","Financial Activities",8482800,"2017-11-01",1.6184098613989482
"2017-11","November, 2017","60","Professional and Business Services",20970700,"2017-11-01",1.8316459076893192
"2017-11","November, 2017","65","Education and Health Services",23713700,"2017-11-01",1.9917765563039234
"2017-11","November, 2017","70","Leisure and Hospitality",15885900,"2017-11-01",1.8738336635949135
"2017-11","November, 2017","80","Other Services",5726400,"2017-11-01",0.5601896566862762
"2017-11","November, 2017","90","Government",23416600,"2017-11-01",0.14497898018620603
"2017-12","December, 2017","15","Mining, Logging, and Construction",7741600,"2017-12-01",4.631769587371096
"2017-12","December, 2017","30","Manufacturing",12634300,"2017-12-01",1.3972488403075392
"2017-12","December, 2017","40","Trade, Transportation, and Utilities",28539200,"2017-12-01",0.7793491886929039
"2017-12","December, 2017","50","Information",2874800,"2017-12-01",0.4788368110167418
"2017-12","December, 2017","55","Financial Activities",8510900,"2017-12-01",1.5426648849861602
"2017-12","December, 2017","60","Professional and Business Services",20905900,"2017-12-01",1.9253083711179366
"2017-12","December, 2017","65","Education and Health Services",23721300,"2017-12-01",2.024463884802973
"2017-12","December, 2017","70","Leisure and Hospitality",15861100,"2017-12-01",2.044610861271416
"2017-12","December, 2017","80","Other Services",5731100,"2017-12-01",0.9032008169301735
"2017-12","December, 2017","90","Government",23338700,"2017-12-01",0.2654992718102496
"2018-01","January, 2018","15","Mining, Logging, and Construction",7432200,"2018-01-01",4.594902683760925
"2018-01","January, 2018","30","Manufacturing",12535600,"2018-01-01",1.3108765577771673
"2018-01","January, 2018","40","Trade, Transportation, and Utilities",27568500,"2018-01-01",0.830608527727183
"2018-01","January, 2018","50","Information",2825000,"2018-01-01",0.36593597896756314
"2018-01","January, 2018","55","Financial Activities",8425200,"2018-01-01",1.4668689934243804
"2018-01","January, 2018","60","Professional and Business Services",20421300,"2018-01-01",1.9729154807202565
"2018-01","January, 2018","65","Education and Health Services",23400600,"2018-01-01",2.0888411904824227
"2018-01","January, 2018","70","Leisure and Hospitality",15470800,"2018-01-01",1.9680731864858094
"2018-01","January, 2018","80","Other Services",5659200,"2018-01-01",0.8392580317528199
"2018-01","January, 2018","90","Government",22824000,"2018-01-01",0.16676906872641095
"2018-02","February, 2018","15","Mining, Logging, and Construction",7537200,"2018-02-01",4.991015336611459
"2018-02","February, 2018","30","Manufacturing",12600300,"2018-02-01",1.5710900091895463
"2018-02","February, 2018","40","Trade, Transportation, and Utilities",27373700,"2018-02-01",0.9578077745813971
"2018-02","February, 2018","50","Information",2860300,"2018-02-01",0.26992918740797867
"2018-02","February, 2018","55","Financial Activities",8454900,"2018-02-01",1.5506017439765547
"2018-02","February, 2018","60","Professional and Business Services",20595000,"2018-02-01",2.23684994340859
"2018-02","February, 2018","65","Education and Health Services",23728200,"2018-02-01",2.101127801754741
"2018-02","February, 2018","70","Leisure and Hospitality",15637900,"2018-02-01",1.8901731844303418
"2018-02","February, 2018","80","Other Services",5692200,"2018-02-01",0.9112182669124946
"2018-02","February, 2018","90","Government",23241500,"2018-02-01",0.2138677727999862
"2018-03","March, 2018","15","Mining, Logging, and Construction",7663500,"2018-03-01",4.8028664031836765
"2018-03","March, 2018","30","Manufacturing",12631000,"2018-03-01",1.645676578280288
"2018-03","March, 2018","40","Trade, Transportation, and Utilities",27414000,"2018-03-01",0.9954391057994828
"2018-03","March, 2018","50","Information",2853400,"2018-03-01",0.6064452436358508
"2018-03","March, 2018","55","Financial Activities",8463300,"2018-03-01",1.4382798173384632
"2018-03","March, 2018","60","Professional and Business Services",20691800,"2018-03-01",2.1438973219795137
"2018-03","March, 2018","65","Education and Health Services",23784600,"2018-03-01",2.01415397812567
"2018-03","March, 2018","70","Leisure and Hospitality",15905200,"2018-03-01",1.7769956806910896
"2018-03","March, 2018","80","Other Services",5724400,"2018-03-01",0.8491596490609914
"2018-03","March, 2018","90","Government",23329300,"2018-03-01",0.19627549004449485
"2018-04","April, 2018","15","Mining, Logging, and Construction",7837700,"2018-04-01",4.430261685231573
"2018-04","April, 2018","30","Manufacturing",12642600,"2018-04-01",1.6792935385803214
"2018-04","April, 2018","40","Trade, Transportation, and Utilities",27460600,"2018-04-01",0.7680367542098909
"2018-04","April, 2018","50","Information",2837600,"2018-04-01",0.25438100621820237
"2018-04","April, 2018","55","Financial Activities",8482600,"2018-04-01",1.4604389689611865
"2018-04","April, 2018","60","Professional and Business Services",20860700,"2018-04-01",2.1431719140185086
"2018-04","April, 2018","65","Education and Health Services",23845100,"2018-04-01",1.9910520282639566
"2018-04","April, 2018","70","Leisure and Hospitality",16179800,"2018-04-01",1.4623806955714698
"2018-04","April, 2018","80","Other Services",5760300,"2018-04-01",0.919793966151582
"2018-04","April, 2018","90","Government",23342600,"2018-04-01",0.15575187824751247
"2018-05","May, 2018","15","Mining, Logging, and Construction",8035000,"2018-05-01",4.429310389644147
"2018-05","May, 2018","30","Manufacturing",12688900,"2018-05-01",1.7129985892009747
"2018-05","May, 2018","40","Trade, Transportation, and Utilities",27667300,"2018-05-01",0.9619139021373027
"2018-05","May, 2018","50","Information",2847700,"2018-05-01",0.15827236916150816
"2018-05","May, 2018","55","Financial Activities",8516700,"2018-05-01",1.3808373111764496
"2018-05","May, 2018","60","Professional and Business Services",20934200,"2018-05-01",2.033435687478676
"2018-05","May, 2018","65","Education and Health Services",23789800,"2018-05-01",1.8425130782468726
"2018-05","May, 2018","70","Leisure and Hospitality",16571400,"2018-05-01",1.5472856626365747
"2018-05","May, 2018","80","Other Services",5802700,"2018-05-01",0.9990775068316711
"2018-05","May, 2018","90","Government",23368800,"2018-05-01",0.3030277017108618
"2018-06","June, 2018","15","Mining, Logging, and Construction",8212000,"2018-06-01",4.478371501272265
"2018-06","June, 2018","30","Manufacturing",12816300,"2018-06-01",1.711823246512071
"2018-06","June, 2018","40","Trade, Transportation, and Utilities",27777500,"2018-06-01",0.8587197269525435
"2018-06","June, 2018","50","Information",2881400,"2018-06-01",0.7658681587690156
"2018-06","June, 2018","55","Financial Activities",8598100,"2018-06-01",1.3317462375222449
"2018-06","June, 2018","60","Professional and Business Services",21117700,"2018-06-01",2.0277321480336266
"2018-06","June, 2018","65","Education and Health Services",23543500,"2018-06-01",1.859943929115326
"2018-06","June, 2018","70","Leisure and Hospitality",16941500,"2018-06-01",1.429101707498144
"2018-06","June, 2018","80","Other Services",5876200,"2018-06-01",1.0594021944759744
"2018-06","June, 2018","90","Government",22861700,"2018-06-01",0.4755312369525567
"2018-07","July, 2018","15","Mining, Logging, and Construction",8255900,"2018-07-01",4.515647154142192
"2018-07","July, 2018","30","Manufacturing",12839100,"2018-07-01",1.9477838301386396
"2018-07","July, 2018","40","Trade, Transportation, and Utilities",27739000,"2018-07-01",0.9230388607728495
"2018-07","July, 2018","50","Information",2868600,"2018-07-01",0.5045196552449023
"2018-07","July, 2018","55","Financial Activities",8628100,"2018-07-01",1.3282442748091603
"2018-07","July, 2018","60","Professional and Business Services",21144500,"2018-07-01",2.1828848681667052
"2018-07","July, 2018","65","Education and Health Services",23377800,"2018-07-01",1.9453420374416202
"2018-07","July, 2018","70","Leisure and Hospitality",16964400,"2018-07-01",1.6349639037833628
"2018-07","July, 2018","80","Other Services",5857100,"2018-07-01",1.1746212710093107
"2018-07","July, 2018","90","Government",21718300,"2018-07-01",0.36043862608189353
"2018-08","August, 2018","15","Mining, Logging, and Construction",8291900,"2018-08-01",4.715539559259961
"2018-08","August, 2018","30","Manufacturing",12858100,"2018-08-01",1.8996069232232298
"2018-08","August, 2018","40","Trade, Transportation, and Utilities",27765400,"2018-08-01",0.8045367741560715
"2018-08","August, 2018","50","Information",2882200,"2018-08-01",0.6214215891635246
"2018-08","August, 2018","55","Financial Activities",8627300,"2018-08-01",1.3271789812433201
"2018-08","August, 2018","60","Professional and Business Services",21250000,"2018-08-01",2.398781815903856
"2018-08","August, 2018","65","Education and Health Services",23512600,"2018-08-01",2.0614036991539955
"2018-08","August, 2018","70","Leisure and Hospitality",16973100,"2018-08-01",1.6639413487628256
"2018-08","August, 2018","80","Other Services",5839200,"2018-08-01",1.2379070009362323
"2018-08","August, 2018","90","Government",22045500,"2018-08-01",0.708069710605057
"2018-09","September, 2018","15","Mining, Logging, and Construction",8244400,"2018-09-01",4.842565745968767
"2018-09","September, 2018","30","Manufacturing",12819700,"2018-09-01",2.0636121173520166
"2018-09","September, 2018","40","Trade, Transportation, and Utilities",27685900,"2018-09-01",0.8748150901048612
"2018-09","September, 2018","50","Information",2857200,"2018-09-01",0.5419100570061228
"2018-09","September, 2018","55","Financial Activities",8556400,"2018-09-01",1.1849294009129396
"2018-09","September, 2018","60","Professional and Business Services",21150700,"2018-09-01",2.213834897499589
"2018-09","September, 2018","65","Education and Health Services",23799200,"2018-09-01",1.929443609280174
"2018-09","September, 2018","70","Leisure and Hospitality",16489900,"2018-09-01",1.6934623472892885
"2018-09","September, 2018","80","Other Services",5783000,"2018-09-01",1.24831486247527
"2018-09","September, 2018","90","Government",23017600,"2018-09-01",0.3562101334589007
"2018-10","October, 2018","15","Mining, Logging, and Construction",8275600,"2018-10-01",4.6921451794502005
"2018-10","October, 2018","30","Manufacturing",12832700,"2018-10-01",2.1232064555662546
"2018-10","October, 2018","40","Trade, Transportation, and Utilities",27882300,"2018-10-01",0.7658002775529085
"2018-10","October, 2018","50","Information",2870500,"2018-10-01",0.6839705366538057
"2018-10","October, 2018","55","Financial Activities",8591900,"2018-10-01",1.268224838819938
"2018-10","October, 2018","60","Professional and Business Services",21373300,"2018-10-01",2.4047260844984044
"2018-10","October, 2018","65","Education and Health Services",24116600,"2018-10-01",2.0652937541792573
"2018-10","October, 2018","70","Leisure and Hospitality",16344000,"2018-10-01",1.655699162820784
"2018-10","October, 2018","80","Other Services",5821900,"2018-10-01",1.5843380851843452
"2018-10","October, 2018","90","Government",23383800,"2018-10-01",0.30756559898078684
"2018-11","November, 2018","15","Mining, Logging, and Construction",8187400,"2018-11-01",4.399163521371008
"2018-11","November, 2018","30","Manufacturing",12857000,"2018-11-01",2.1101871927441964
"2018-11","November, 2018","40","Trade, Transportation, and Utilities",28577400,"2018-11-01",0.8665144236708446
"2018-11","November, 2018","50","Information",2889800,"2018-11-01",0.7847103546890802
"2018-11","November, 2018","55","Financial Activities",8603100,"2018-11-01",1.4181638138350545
"2018-11","November, 2018","60","Professional and Business Services",21456000,"2018-11-01",2.314181214742474
"2018-11","November, 2018","65","Education and Health Services",24200700,"2018-11-01",2.053665180886998
"2018-11","November, 2018","70","Leisure and Hospitality",16124700,"2018-11-01",1.5032198364587464
"2018-11","November, 2018","80","Other Services",5806600,"2018-11-01",1.4005308745459626
"2018-11","November, 2018","90","Government",23534300,"2018-11-01",0.5026348829462859
"2018-12","December, 2018","15","Mining, Logging, and Construction",8077900,"2018-12-01",4.344063242740519
"2018-12","December, 2018","30","Manufacturing",12888600,"2018-12-01",2.0127747481063456
"2018-12","December, 2018","40","Trade, Transportation, and Utilities",28726100,"2018-12-01",0.6548887144699221
"2018-12","December, 2018","50","Information",2883700,"2018-12-01",0.30958675386113815
"2018-12","December, 2018","55","Financial Activities",8613200,"2018-12-01",1.2019880388678048
"2018-12","December, 2018","60","Professional and Business Services",21322900,"2018-12-01",1.994652227361654
"2018-12","December, 2018","65","Education and Health Services",24182300,"2018-12-01",1.9434010783557394
"2018-12","December, 2018","70","Leisure and Hospitality",16143100,"2018-12-01",1.7779346955759687
"2018-12","December, 2018","80","Other Services",5794200,"2018-12-01",1.101010277259165
"2018-12","December, 2018","90","Government",23422000,"2018-12-01",0.35691790888095737
"2019-01","January, 2019","15","Mining, Logging, and Construction",7805100,"2019-01-01",5.017356906434165
"2019-01","January, 2019","30","Manufacturing",12796300,"2019-01-01",2.07967707967708
"2019-01","January, 2019","40","Trade, Transportation, and Utilities",27831300,"2019-01-01",0.9532618749659938
"2019-01","January, 2019","50","Information",2851000,"2019-01-01",0.9203539823008848
"2019-01","January, 2019","55","Financial Activities",8537600,"2019-01-01",1.3340929592175854
"2019-01","January, 2019","60","Professional and Business Services",20842600,"2019-01-01",2.0630420198518213
"2019-01","January, 2019","65","Education and Health Services",23894400,"2019-01-01",2.110202302505064
"2019-01","January, 2019","70","Leisure and Hospitality",15772100,"2019-01-01",1.94753988158337
"2019-01","January, 2019","80","Other Services",5734900,"2019-01-01",1.3376448968052022
"2019-01","January, 2019","90","Government",22921300,"2019-01-01",0.4263056431826148
"2019-02","February, 2019","15","Mining, Logging, and Construction",7810000,"2019-02-01",3.619381202568593
"2019-02","February, 2019","30","Manufacturing",12843100,"2019-02-01",1.9269382475020438
"2019-02","February, 2019","40","Trade, Transportation, and Utilities",27529600,"2019-02-01",0.5695247628197868
"2019-02","February, 2019","50","Information",2890100,"2019-02-01",1.0418487571233785
"2019-02","February, 2019","55","Financial Activities",8566200,"2019-02-01",1.3163964091828408
"2019-02","February, 2019","60","Professional and Business Services",20980200,"2019-02-01",1.8703568827385288
"2019-02","February, 2019","65","Education and Health Services",24210900,"2019-02-01",2.034288315169292
"2019-02","February, 2019","70","Leisure and Hospitality",15921100,"2019-02-01",1.8109848509070912
"2019-02","February, 2019","80","Other Services",5765300,"2019-02-01",1.284213485119989
"2019-02","February, 2019","90","Government",23324000,"2019-02-01",0.3549684831013489
"2019-03","March, 2019","15","Mining, Logging, and Construction",7931300,"2019-03-01",3.4944868532654794
"2019-03","March, 2019","30","Manufacturing",12853400,"2019-03-01",1.760747367587681
"2019-03","March, 2019","40","Trade, Transportation, and Utilities",27535600,"2019-03-01",0.44356897935361495
"2019-03","March, 2019","50","Information",2883500,"2019-03-01",1.0548818952828205
"2019-03","March, 2019","55","Financial Activities",8571100,"2019-03-01",1.2737348315668828
"2019-03","March, 2019","60","Professional and Business Services",21016800,"2019-03-01",1.5706705071574247
"2019-03","March, 2019","65","Education and Health Services",24275500,"2019-03-01",2.063940532949892
"2019-03","March, 2019","70","Leisure and Hospitality",16175400,"2019-03-01",1.6988154817292458
"2019-03","March, 2019","80","Other Services",5795900,"2019-03-01",1.2490392006149116
"2019-03","March, 2019","90","Government",23425100,"2019-03-01",0.41064241104533783
"2019-04","April, 2019","15","Mining, Logging, and Construction",8124900,"2019-04-01",3.6643403039156897
"2019-04","April, 2019","30","Manufacturing",12845100,"2019-04-01",1.6017274927625649
"2019-04","April, 2019","40","Trade, Transportation, and Utilities",27578000,"2019-04-01",0.427521612783406
"2019-04","April, 2019","50","Information",2867500,"2019-04-01",1.053707358330984
"2019-04","April, 2019","55","Financial Activities",8603400,"2019-04-01",1.4240916700068376
"2019-04","April, 2019","60","Professional and Business Services",21257000,"2019-04-01",1.8997444956305398
"2019-04","April, 2019","65","Education and Health Services",24340200,"2019-04-01",2.076317566292446
"2019-04","April, 2019","70","Leisure and Hospitality",16484300,"2019-04-01",1.8819762914251101
"2019-04","April, 2019","80","Other Services",5833700,"2019-04-01",1.2742391889311322
"2019-04","April, 2019","90","Government",23464600,"2019-04-01",0.5226495763111221
"2019-05","May, 2019","15","Mining, Logging, and Construction",8294300,"2019-05-01",3.2271313005600497
"2019-05","May, 2019","30","Manufacturing",12871700,"2019-05-01",1.4406292113579586
"2019-05","May, 2019","40","Trade, Transportation, and Utilities",27728300,"2019-05-01",0.22047688064972007
"2019-05","May, 2019","50","Information",2884400,"2019-05-01",1.2887593496505951
"2019-05","May, 2019","55","Financial Activities",8638700,"2019-05-01",1.4324797163220497
"2019-05","May, 2019","60","Professional and Business Services",21311400,"2019-05-01",1.8018362297102348
"2019-05","May, 2019","65","Education and Health Services",24293100,"2019-05-01",2.115612573455851
"2019-05","May, 2019","70","Leisure and Hospitality",16839900,"2019-05-01",1.6202614142438176
"2019-05","May, 2019","80","Other Services",5874700,"2019-05-01",1.2408016957623176
"2019-05","May, 2019","90","Government",23469200,"2019-05-01",0.42963267262332683
"2019-06","June, 2019","15","Mining, Logging, and Construction",8423100,"2019-06-01",2.5706283487579156
"2019-06","June, 2019","30","Manufacturing",12970700,"2019-06-01",1.204715869634762
"2019-06","June, 2019","40","Trade, Transportation, and Utilities",27845200,"2019-06-01",0.24372243722437223
"2019-06","June, 2019","50","Information",2913800,"2019-06-01",1.124453390712848
"2019-06","June, 2019","55","Financial Activities",8717000,"2019-06-01",1.382863655923983
"2019-06","June, 2019","60","Professional and Business Services",21470200,"2019-06-01",1.669215871046563
"2019-06","June, 2019","65","Education and Health Services",24014100,"2019-06-01",1.9988531866544905
"2019-06","June, 2019","70","Leisure and Hospitality",17185200,"2019-06-01",1.4384794734822772
"2019-06","June, 2019","80","Other Services",5937700,"2019-06-01",1.0465947380960485
"2019-06","June, 2019","90","Government",22946600,"2019-06-01",0.3713634594102801
"2019-07","July, 2019","15","Mining, Logging, and Construction",8472300,"2019-07-01",2.6211557795031433
"2019-07","July, 2019","30","Manufacturing",12960800,"2019-07-01",0.9478857552320646
"2019-07","July, 2019","40","Trade, Transportation, and Utilities",27829600,"2019-07-01",0.3266159558744007
"2019-07","July, 2019","50","Information",2907100,"2019-07-01",1.3421181063933627
"2019-07","July, 2019","55","Financial Activities",8760900,"2019-07-01",1.5391569406937797
"2019-07","July, 2019","60","Professional and Business Services",21497800,"2019-07-01",1.6708836813355716
"2019-07","July, 2019","65","Education and Health Services",23878500,"2019-07-01",2.141775530631625
"2019-07","July, 2019","70","Leisure and Hospitality",17225100,"2019-07-01",1.5367475419112966
"2019-07","July, 2019","80","Other Services",5930400,"2019-07-01",1.251472571750525
"2019-07","July, 2019","90","Government",21889700,"2019-07-01",0.78919620780632
"2019-08","August, 2019","15","Mining, Logging, and Construction",8498800,"2019-08-01",2.495206165052642
"2019-08","August, 2019","30","Manufacturing",12959800,"2019-08-01",0.7909411188278206
"2019-08","August, 2019","40","Trade, Transportation, and Utilities",27848800,"2019-08-01",0.3003738465860387
"2019-08","August, 2019","50","Information",2926900,"2019-08-01",1.5508986191104017
"2019-08","August, 2019","55","Financial Activities",8767400,"2019-08-01",1.623914782145051
"2019-08","August, 2019","60","Professional and Business Services",21599500,"2019-08-01",1.6447058823529412
"2019-08","August, 2019","65","Education and Health Services",24034700,"2019-08-01",2.2205115555064094
"2019-08","August, 2019","70","Leisure and Hospitality",17193200,"2019-08-01",1.296757810888995
"2019-08","August, 2019","80","Other Services",5909000,"2019-08-01",1.1953692286614606
"2019-08","August, 2019","90","Government",22243300,"2019-08-01",0.8972352634324465
"2019-09","September, 2019","15","Mining, Logging, and Construction",8435200,"2019-09-01",2.31429819028674
"2019-09","September, 2019","30","Manufacturing",12890400,"2019-09-01",0.5514949647807671
"2019-09","September, 2019","40","Trade, Transportation, and Utilities",27765700,"2019-09-01",0.28823336066373134
"2019-09","September, 2019","50","Information",2902800,"2019-09-01",1.5959680806383874
"2019-09","September, 2019","55","Financial Activities",8692800,"2019-09-01",1.5941283717451267
"2019-09","September, 2019","60","Professional and Business Services",21458200,"2019-09-01",1.4538525911671953
"2019-09","September, 2019","65","Education and Health Services",24318400,"2019-09-01",2.181585935661703
"2019-09","September, 2019","70","Leisure and Hospitality",16725400,"2019-09-01",1.4281469263003415
"2019-09","September, 2019","80","Other Services",5846500,"2019-09-01",1.0980459968874285
"2019-09","September, 2019","90","Government",23180200,"2019-09-01",0.7064159599610733
"2019-10","October, 2019","15","Mining, Logging, and Construction",8433900,"2019-10-01",1.9128522403209436
"2019-10","October, 2019","30","Manufacturing",12822000,"2019-10-01",-0.08338073827020034
"2019-10","October, 2019","40","Trade, Transportation, and Utilities",28041600,"2019-10-01",0.5713301987282254
"2019-10","October, 2019","50","Information",2905300,"2019-10-01",1.2123323462811357
"2019-10","October, 2019","55","Financial Activities",8738000,"2019-10-01",1.7004387853676135
"2019-10","October, 2019","60","Professional and Business Services",21649500,"2019-10-01",1.292266519442482
"2019-10","October, 2019","65","Education and Health Services",24618900,"2019-10-01",2.082797740975096
"2019-10","October, 2019","70","Leisure and Hospitality",16588400,"2019-10-01",1.495349975526187
"2019-10","October, 2019","80","Other Services",5875300,"2019-10-01",0.9172263350452601
"2019-10","October, 2019","90","Government",23559000,"2019-10-01",0.7492366510148051
"2019-11","November, 2019","15","Mining, Logging, and Construction",8335500,"2019-11-01",1.808877054986931
"2019-11","November, 2019","30","Manufacturing",12862700,"2019-11-01",0.044333825931399236
"2019-11","November, 2019","40","Trade, Transportation, and Utilities",28745700,"2019-11-01",0.5889269142749166
"2019-11","November, 2019","50","Information",2949200,"2019-11-01",2.0555055713198147
"2019-11","November, 2019","55","Financial Activities",8749300,"2019-11-01",1.6993874301124015
"2019-11","November, 2019","60","Professional and Business Services",21744700,"2019-11-01",1.345544369873229
"2019-11","November, 2019","65","Education and Health Services",24743300,"2019-11-01",2.242083906663857
"2019-11","November, 2019","70","Leisure and Hospitality",16398600,"2019-11-01",1.6986362536977433
"2019-11","November, 2019","80","Other Services",5875400,"2019-11-01",1.1848586091688766
"2019-11","November, 2019","90","Government",23693000,"2019-11-01",0.6743349069230867
"2019-12","December, 2019","15","Mining, Logging, and Construction",8190200,"2019-12-01",1.3902128028324194
"2019-12","December, 2019","30","Manufacturing",12875000,"2019-12-01",-0.10551960647393821
"2019-12","December, 2019","40","Trade, Transportation, and Utilities",28961300,"2019-12-01",0.818767601588799
"2019-12","December, 2019","50","Information",2933200,"2019-12-01",1.716544716856816
"2019-12","December, 2019","55","Financial Activities",8773200,"2019-12-01",1.8576138949519345
"2019-12","December, 2019","60","Professional and Business Services",21615500,"2019-12-01",1.372233607998912
"2019-12","December, 2019","65","Education and Health Services",24695000,"2019-12-01",2.1201457264197368
"2019-12","December, 2019","70","Leisure and Hospitality",16411500,"2019-12-01",1.6626298542411309
"2019-12","December, 2019","80","Other Services",5874200,"2019-12-01",1.3806910358634497
"2019-12","December, 2019","90","Government",23572200,"2019-12-01",0.641277431474682
"2020-01","January, 2020","15","Mining, Logging, and Construction",7929500,"2020-01-01",1.5938296754686037
"2020-01","January, 2020","30","Manufacturing",12760300,"2020-01-01",-0.28133132233536257
"2020-01","January, 2020","40","Trade, Transportation, and Utilities",27964800,"2020-01-01",0.4796757607441981
"2020-01","January, 2020","50","Information",2917300,"2020-01-01",2.3254998246229395
"2020-01","January, 2020","55","Financial Activities",8694200,"2020-01-01",1.8342391304347827
"2020-01","January, 2020","60","Professional and Business Services",21188800,"2020-01-01",1.6610211777801234
"2020-01","January, 2020","65","Education and Health Services",24446500,"2020-01-01",2.310583232891389
"2020-01","January, 2020","70","Leisure and Hospitality",16025900,"2020-01-01",1.6091706240766925
"2020-01","January, 2020","80","Other Services",5826300,"2020-01-01",1.59375054490924
"2020-01","January, 2020","90","Government",23211800,"2020-01-01",1.2673801224188854
"2020-02","February, 2020","15","Mining, Logging, and Construction",7959900,"2020-02-01",1.9193341869398208
"2020-02","February, 2020","30","Manufacturing",12785200,"2020-02-01",-0.45082573521968994
"2020-02","February, 2020","40","Trade, Transportation, and Utilities",27696800,"2020-02-01",0.6073462745553876
"2020-02","February, 2020","50","Information",2942700,"2020-02-01",1.8200062281581952
"2020-02","February, 2020","55","Financial Activities",8720300,"2020-02-01",1.7989306810487733
"2020-02","February, 2020","60","Professional and Business Services",21313300,"2020-02-01",1.5876874386326154
"2020-02","February, 2020","65","Education and Health Services",24748300,"2020-02-01",2.21966139218286
"2020-02","February, 2020","70","Leisure and Hospitality",16177400,"2020-02-01",1.6098133922907338
"2020-02","February, 2020","80","Other Services",5860600,"2020-02-01",1.6529929058331745
"2020-02","February, 2020","90","Government",23561500,"2020-02-01",1.0182644486365975
"2020-03","March, 2020","15","Mining, Logging, and Construction",7998200,"2020-03-01",0.8434935004349855
"2020-03","March, 2020","30","Manufacturing",12749000,"2020-03-01",-0.8122364510557518
"2020-03","March, 2020","40","Trade, Transportation, and Utilities",27609000,"2020-03-01",0.2665640116794259
"2020-03","March, 2020","50","Information",2927100,"2020-03-01",1.5120513265129183
"2020-03","March, 2020","55","Financial Activities",8695000,"2020-03-01",1.4455554129574968
"2020-03","March, 2020","60","Professional and Business Services",21179800,"2020-03-01",0.7755700201743367
"2020-03","March, 2020","65","Education and Health Services",24616400,"2020-03-01",1.4042965129451503
"2020-03","March, 2020","70","Leisure and Hospitality",15834200,"2020-03-01",-2.1093759659730207
"2020-03","March, 2020","80","Other Services",5785500,"2020-03-01",-0.17943718835728706
"2020-03","March, 2020","90","Government",23616300,"2020-03-01",0.8162185006680869
"2020-04","April, 2020","15","Mining, Logging, and Construction",7122900,"2020-04-01",-12.332459476424324
"2020-04","April, 2020","30","Manufacturing",11280000,"2020-04-01",-12.184412733260155
"2020-04","April, 2020","40","Trade, Transportation, and Utilities",24208700,"2020-04-01",-12.217347160780333
"2020-04","April, 2020","50","Information",2650600,"2020-04-01",-7.5640802092415
"2020-04","April, 2020","55","Financial Activities",8398100,"2020-04-01",-2.3862658948787687
"2020-04","April, 2020","60","Professional and Business Services",19282500,"2020-04-01",-9.28870489721033
"2020-04","April, 2020","65","Education and Health Services",21977600,"2020-04-01",-9.70657595253942
"2020-04","April, 2020","70","Leisure and Hospitality",8732700,"2020-04-01",-47.0241381193014
"2020-04","April, 2020","80","Other Services",4343000,"2020-04-01",-25.553250938512434
"2020-04","April, 2020","90","Government",22686900,"2020-04-01",-3.314354389164955
"2020-05","May, 2020","15","Mining, Logging, and Construction",7633700,"2020-05-01",-7.964505744909155
"2020-05","May, 2020","30","Manufacturing",11544300,"2020-05-01",-10.312546128328037
"2020-05","May, 2020","40","Trade, Transportation, and Utilities",24958700,"2020-05-01",-9.988351251248725
"2020-05","May, 2020","50","Information",2630400,"2020-05-01",-8.8059908473166
"2020-05","May, 2020","55","Financial Activities",8420100,"2020-05-01",-2.530473335108292
"2020-05","May, 2020","60","Professional and Business Services",19546300,"2020-05-01",-8.282421614722637
"2020-05","May, 2020","65","Education and Health Services",22285700,"2020-05-01",-8.263251705216708
"2020-05","May, 2020","70","Leisure and Hospitality",10018000,"2020-05-01",-40.510335572063966
"2020-05","May, 2020","80","Other Services",4617600,"2020-05-01",-21.398539499889356
"2020-05","May, 2020","90","Government",22195300,"2020-05-01",-5.427965162851738
"2020-06","June, 2020","15","Mining, Logging, and Construction",7888500,"2020-06-01",-6.346831926487873
"2020-06","June, 2020","30","Manufacturing",12055000,"2020-06-01",-7.059757761724502
"2020-06","June, 2020","40","Trade, Transportation, and Utilities",26073000,"2020-06-01",-6.364472153189777
"2020-06","June, 2020","50","Information",2630400,"2020-06-01",-9.726130825725857
"2020-06","June, 2020","55","Financial Activities",8488100,"2020-06-01",-2.6259034071354828
"2020-06","June, 2020","60","Professional and Business Services",19873500,"2020-06-01",-7.43681940550158
"2020-06","June, 2020","65","Education and Health Services",22510200,"2020-06-01",-6.262570739690432
"2020-06","June, 2020","70","Leisure and Hospitality",11841800,"2020-06-01",-31.093033540488328
"2020-06","June, 2020","80","Other Services",4979500,"2020-06-01",-16.137561682132812
"2020-06","June, 2020","90","Government",21669100,"2020-06-01",-5.567273583014478
"2020-07","July, 2020","15","Mining, Logging, and Construction",7909100,"2020-07-01",-6.647545530729554
"2020-07","July, 2020","30","Manufacturing",12070100,"2020-07-01",-6.872260971544966
"2020-07","July, 2020","40","Trade, Transportation, and Utilities",26465400,"2020-07-01",-4.901974875671947
"2020-07","July, 2020","50","Information",2632100,"2020-07-01",-9.459598913006088
"2020-07","July, 2020","55","Financial Activities",8538200,"2020-07-01",-2.5419762809756987
"2020-07","July, 2020","60","Professional and Business Services",20081000,"2020-07-01",-6.590441812650597
"2020-07","July, 2020","65","Education and Health Services",22537700,"2020-07-01",-5.61509307536068
"2020-07","July, 2020","70","Leisure and Hospitality",12525300,"2020-07-01",-27.284602121322955
"2020-07","July, 2020","80","Other Services",5125400,"2020-07-01",-13.574126534466476
"2020-07","July, 2020","90","Government",20799800,"2020-07-01",-4.979054075661156
"2020-08","August, 2020","15","Mining, Logging, and Construction",7956000,"2020-08-01",-6.386784016567044
"2020-08","August, 2020","30","Manufacturing",12115900,"2020-08-01",-6.511674562879056
"2020-08","August, 2020","40","Trade, Transportation, and Utilities",26704100,"2020-08-01",-4.110410502427394
"2020-08","August, 2020","50","Information",2648600,"2020-08-01",-9.508353548122587
"2020-08","August, 2020","55","Financial Activities",8560200,"2020-08-01",-2.3633004083308617
"2020-08","August, 2020","60","Professional and Business Services",20284900,"2020-08-01",-6.086251996573995
"2020-08","August, 2020","65","Education and Health Services",22772700,"2020-08-01",-5.25074163605121
"2020-08","August, 2020","70","Leisure and Hospitality",12720300,"2020-08-01",-26.01551776283647
"2020-08","August, 2020","80","Other Services",5136400,"2020-08-01",-13.074970384159757
"2020-08","August, 2020","90","Government",21512500,"2020-08-01",-3.28548371869282
"2020-09","September, 2020","15","Mining, Logging, and Construction",7913800,"2020-09-01",-6.181240515933232
"2020-09","September, 2020","30","Manufacturing",12132000,"2020-09-01",-5.883448147458574
"2020-09","September, 2020","40","Trade, Transportation, and Utilities",26836900,"2020-09-01",-3.3451344644651493
"2020-09","September, 2020","50","Information",2671500,"2020-09-01",-7.968168664737495
"2020-09","September, 2020","55","Financial Activities",8512700,"2020-09-01",-2.0718295600957113
"2020-09","September, 2020","60","Professional and Business Services",20257100,"2020-09-01",-5.597394003224874
"2020-09","September, 2020","65","Education and Health Services",23096100,"2020-09-01",-5.026235278636753
"2020-09","September, 2020","70","Leisure and Hospitality",12732700,"2020-09-01",-23.872074808375285
"2020-09","September, 2020","80","Other Services",5155500,"2020-09-01",-11.81903703070213
"2020-09","September, 2020","90","Government",22404800,"2020-09-01",-3.3450962459340294
"2020-10","October, 2020","15","Mining, Logging, and Construction",8002000,"2020-10-01",-5.120999774718695
"2020-10","October, 2020","30","Manufacturing",12152500,"2020-10-01",-5.221494306660427
"2020-10","October, 2020","40","Trade, Transportation, and Utilities",27202100,"2020-10-01",-2.993766404199475
"2020-10","October, 2020","50","Information",2693100,"2020-10-01",-7.303892885416308
"2020-10","October, 2020","55","Financial Activities",8548100,"2020-10-01",-2.1732661936369877
"2020-10","October, 2020","60","Professional and Business Services",20625300,"2020-10-01",-4.73082519226772
"2020-10","October, 2020","65","Education and Health Services",23424400,"2020-10-01",-4.851963328987079
"2020-10","October, 2020","70","Leisure and Hospitality",12853400,"2020-10-01",-22.515733886330207
"2020-10","October, 2020","80","Other Services",5200100,"2020-10-01",-11.4921791227682
"2020-10","October, 2020","90","Government",22564100,"2020-10-01",-4.2230145591918165
"2020-11","November, 2020","15","Mining, Logging, and Construction",7912500,"2020-11-01",-5.074680583048408
"2020-11","November, 2020","30","Manufacturing",12179900,"2020-11-01",-5.308372270207655
"2020-11","November, 2020","40","Trade, Transportation, and Utilities",27805500,"2020-11-01",-3.2707500600089747
"2020-11","November, 2020","50","Information",2693600,"2020-11-01",-8.66675708666757
"2020-11","November, 2020","55","Financial Activities",8556700,"2020-11-01",-2.2013189626598697
"2020-11","November, 2020","60","Professional and Business Services",20691300,"2020-11-01",-4.844398865010784
"2020-11","November, 2020","65","Education and Health Services",23497700,"2020-11-01",-5.034090036494728
"2020-11","November, 2020","70","Leisure and Hospitality",12709100,"2020-11-01",-22.498871854914444
"2020-11","November, 2020","80","Other Services",5187000,"2020-11-01",-11.71664907921163
"2020-11","November, 2020","90","Government",22579000,"2020-11-01",-4.701810661376777
"2020-12","December, 2020","15","Mining, Logging, and Construction",7812200,"2020-12-01",-4.61527191033186
"2020-12","December, 2020","30","Manufacturing",12243800,"2020-12-01",-4.90252427184466
"2020-12","December, 2020","40","Trade, Transportation, and Utilities",28111700,"2020-12-01",-2.933569970961248
"2020-12","December, 2020","50","Information",2694700,"2020-12-01",-8.131051411427793
"2020-12","December, 2020","55","Financial Activities",8580100,"2020-12-01",-2.2010212921169012
"2020-12","December, 2020","60","Professional and Business Services",20748700,"2020-12-01",-4.010085355416252
"2020-12","December, 2020","65","Education and Health Services",23406000,"2020-12-01",-5.219680097185665
"2020-12","December, 2020","70","Leisure and Hospitality",12234200,"2020-12-01",-25.453492977485297
"2020-12","December, 2020","80","Other Services",5154300,"2020-12-01",-12.25528582615505
"2020-12","December, 2020","90","Government",22374400,"2020-12-01",-5.081409456902622
"2021-01","January, 2021","15","Mining, Logging, and Construction",7553900,"2021-01-01",-4.7367425436660575
"2021-01","January, 2021","30","Manufacturing",12126200,"2021-01-01",-4.969318903160584
"2021-01","January, 2021","40","Trade, Transportation, and Utilities",27299700,"2021-01-01",-2.3783470648815657
"2021-01","January, 2021","50","Information",2685000,"2021-01-01",-7.962842354231653
"2021-01","January, 2021","55","Financial Activities",8518900,"2021-01-01",-2.01628671988222
"2021-01","January, 2021","60","Professional and Business Services",20388600,"2021-01-01",-3.7765234463490143
"2021-01","January, 2021","65","Education and Health Services",23180400,"2021-01-01",-5.179064487758984
"2021-01","January, 2021","70","Leisure and Hospitality",11949000,"2021-01-01",-25.43944489857044
"2021-01","January, 2021","80","Other Services",5126900,"2021-01-01",-12.004187906561626
"2021-01","January, 2021","90","Government",21990300,"2021-01-01",-5.262409636477998
"2021-02","February, 2021","15","Mining, Logging, and Construction",7490100,"2021-02-01",-5.902084197037651
"2021-02","February, 2021","30","Manufacturing",12182000,"2021-02-01",-4.717955135625567
"2021-02","February, 2021","40","Trade, Transportation, and Utilities",27161200,"2021-02-01",-1.9337974061985501
"2021-02","February, 2021","50","Information",2701300,"2021-02-01",-8.203350664355865
"2021-02","February, 2021","55","Financial Activities",8518100,"2021-02-01",-2.318727566712154
"2021-02","February, 2021","60","Professional and Business Services",20531500,"2021-02-01",-3.668132105305138
"2021-02","February, 2021","65","Education and Health Services",23442300,"2021-02-01",-5.27713014631308
"2021-02","February, 2021","70","Leisure and Hospitality",12380400,"2021-02-01",-23.471015119858567
"2021-02","February, 2021","80","Other Services",5160200,"2021-02-01",-11.950994778691602
"2021-02","February, 2021","90","Government",22323100,"2021-02-01",-5.256032086242387
"2021-03","March, 2021","15","Mining, Logging, and Construction",7706100,"2021-03-01",-3.6520717161361307
"2021-03","March, 2021","30","Manufacturing",12251500,"2021-03-01",-3.9022668444583886
"2021-03","March, 2021","40","Trade, Transportation, and Utilities",27263000,"2021-03-01",-1.2532145314933536
"2021-03","March, 2021","50","Information",2712400,"2021-03-01",-7.334904854634279
"2021-03","March, 2021","55","Financial Activities",8533200,"2021-03-01",-1.8608395629672223
"2021-03","March, 2021","60","Professional and Business Services",20660200,"2021-03-01",-2.4532809563829687
"2021-03","March, 2021","65","Education and Health Services",23565800,"2021-03-01",-4.26788644968395
"2021-03","March, 2021","70","Leisure and Hospitality",12798200,"2021-03-01",-19.17368733500903
"2021-03","March, 2021","80","Other Services",5207900,"2021-03-01",-9.983579638752053
"2021-03","March, 2021","90","Government",22443400,"2021-03-01",-4.966485012470201
"2021-04","April, 2021","15","Mining, Logging, and Construction",7878100,"2021-04-01",10.602423170337923
"2021-04","April, 2021","30","Manufacturing",12218800,"2021-04-01",8.322695035460994
"2021-04","April, 2021","40","Trade, Transportation, and Utilities",27218300,"2021-04-01",12.431894318984497
"2021-04","April, 2021","50","Information",2719300,"2021-04-01",2.591865992605448
"2021-04","April, 2021","55","Financial Activities",8542500,"2021-04-01",1.7194365392172037
"2021-04","April, 2021","60","Professional and Business Services",20881300,"2021-04-01",8.291455983404642
"2021-04","April, 2021","65","Education and Health Services",23606900,"2021-04-01",7.413457338380897
"2021-04","April, 2021","70","Leisure and Hospitality",13285600,"2021-04-01",52.1362236192701
"2021-04","April, 2021","80","Other Services",5263700,"2021-04-01",21.199631591066083
"2021-04","April, 2021","90","Government",22530200,"2021-04-01",-0.6907069718648207
"2021-05","May, 2021","15","Mining, Logging, and Construction",7994900,"2021-05-01",4.731650444738462
"2021-05","May, 2021","30","Manufacturing",12276600,"2021-05-01",6.343390244536265
"2021-05","May, 2021","40","Trade, Transportation, and Utilities",27360200,"2021-05-01",9.621895371153146
"2021-05","May, 2021","50","Information",2732400,"2021-05-01",3.8777372262773726
"2021-05","May, 2021","55","Financial Activities",8560600,"2021-05-01",1.668626263346041
"2021-05","May, 2021","60","Professional and Business Services",20975300,"2021-05-01",7.310846554079288
"2021-05","May, 2021","65","Education and Health Services",23592300,"2021-05-01",5.862952476251587
"2021-05","May, 2021","70","Leisure and Hospitality",13867900,"2021-05-01",38.42982631263725
"2021-05","May, 2021","80","Other Services",5307200,"2021-05-01",14.934164934164935
"2021-05","May, 2021","90","Government",22489800,"2021-05-01",1.326857487846526